id	pali_1	Fin	sbs_class_anki	sbs_category	pos	grammar	derived_from	neg	verb	trans	plus_case	meaning_1	ru_meaning	sbs_meaning	root_pali	root_base	construction	phonetic	derivative	suffix	compound_type	compound_construction	sanskrit	root_sk	variant	commentary	notes	sbs_notes	ru_notes	source_1	sutta_1	example_1	sbs_chant_pali_1	sbs_chant_eng_1	sbs_chapter_1	source_2	sutta_2	example_2	sbs_chant_pali_2	sbs_chant_eng_2	sbs_chapter_2	sbs_source_3	sbs_sutta_3	sbs_example_3	sbs_chant_pali_3	sbs_chant_eng_3	sbs_chapter_3	sbs_source_4	sbs_sutta_4	sbs_example_4	sbs_chant_pali_4	sbs_chant_eng_4	sbs_chapter_4	sbs_source_5	sbs_sutta_5	sbs_example_5	sbs_chant_pali_5	sbs_chant_eng_5	sbs_chapter_5	sbs_index	stem	pattern	test	sbs_class	count	sbs_audio	move	Feedback
41950	papañca	ppp	1		masc		papañceti					various opinions; proliferation; endless conceptualization; lit. expanding; spreading			√pañc 8 *e (to expand, spread)		pa + √pañc + a		kita	a			prapañca	√pac						AN 8.30	anuruddha mahāvitakkasuttaṃ	nippapañc'ārāmass'āyaṃ dhammo nippapañcaratino n'āyaṃ dhammo <b>papañc</b>'ārāmassa <b>papañca</b>ratino'ti				SNP 1	uragasuttaṃ<br/>uragavaggo 1	yo n'āccasārī na paccasārī,<br/>sabbaṃ accagamā imaṃ <b>papañcaṃ</b>,<br/>so bhikkhu jahāti orapāraṃ,<br/>urago jiṇṇam'iva tacaṃ purāṇaṃ.				AN 4.174	ānandasuttaṃ	yāvatā papañcassa gati tāvatā channaṃ phass'āyatanānaṃ gati. channaṃ, āvuso, phass'āyatanānaṃ asesavirāganirodhā <b>papañca</b>nirodho <b>papañca</b>vūpasamo'ti.				MN 18	madhupiṇḍikasuttaṃ	yatonidānaṃ, bhikkhu, purisaṃ <b>papañca</b>saññāsaṅkhā samudācaranti. ettha ce n'atthi abhinanditabbaṃ abhivaditabbaṃ ajjhositabbaṃ.				SNP 49	kalahavivādasuttaṃ<br/>aṭṭhakavaggo 11	na saññasaññī na visaññasaññī, no'pi asaññī na vibhūtasaññī. evaṃ sametassa vibhoti rūpaṃ, saññānidānā hi <b>papañca</b>saṅkhā.					papañc	a masc	73	2	85	[sound:papañca.mp3]		"Spot a mistake? <a class=""link"" href=""https://docs.google.com/forms/d/e/1FAIpQLSc0KxEDyN5G2Mqr4t3AvDpXxSOIbIBi0GrZsAGhDB207sjLow/viewform?usp=pp_url&entry.438735500=papañca&entry.644913945=Anki Deck Vocab Pāli Course"">Fix it here</a>."
53351	saṅghādisesa 2	pp	1		masc	comp						offence requiring suspension; lit. offence requiring involvement of the community from start to finish					saṅgha + ādi + sesa				sattamī tappurisa	saṅgha + ādises<b>e</b>	saṃghāvaśeṣa			(VIN 6.8.5) <b>saṅghādiseso</b>'ti yaṃ vuttaṃ,<br/>taṃ suṇohi yathātathaṃ,<br/>saṅgho'va deti parivāsaṃ,<br/>mūlāya paṭikassati,<br/>mānattaṃ deti abbheti,<br/>ten'etaṃ iti vuccati.				VIN PAT SA 1	sukkavissaṭṭhisikkhāpadaṃ	sañcetanikā sukkavissaṭṭhi aññatra supin'antā <b>saṅghādiseso</b>.				VIN 1.2.1	sukkavissaṭṭhisikkhāpadaṃ	tass'eva āpattinikāyassa nāmakammaṃ adhivacanaṃ. tena'pi vuccati, <b>saṅghādiseso</b>'ti.				VIN PAT SA 10	saṅghabheda sikkhāpada	yāvatatiyañ'ce samanubhāsiyamāno taṃ paṭinissajjeyya, icc'etaṃ kusalaṃ. no ce paṭinissajjeyya, <b>saṅghādiseso.</b>																	saṅghādises	a masc	73	2	454	[sound:saṅghādisesa.mp3]		"Spot a mistake? <a class=""link"" href=""https://docs.google.com/forms/d/e/1FAIpQLSc0KxEDyN5G2Mqr4t3AvDpXxSOIbIBi0GrZsAGhDB207sjLow/viewform?usp=pp_url&entry.438735500=saṅghādisesa 2&entry.644913945=Anki Deck Vocab Pāli Course"">Fix it here</a>."
52938	saṃyojana 1	pp	1		nt		saṃyojeti		caus			fetter; chain; bond; thing which binds; lit. yoking together			√yuj 2 *e (to yoke, join)	√yuj + *e > yoje (caus)	saṃ + yoje + ana	u > o	kita	ana			saṃyojana	√yuj		(THa) <b>saṃyojanan</b>'ti vaṭṭadukkhena saddhiṃ santānaṃ saṃyojanato vaṭṭe osīdāpanasamatthaṃ dasavidham'pi saṃyojanaṃ.<br/>(SNa) <b>kiṃ su saṃyojano</b>'ti kiṃ saṃyojano kiṃ bandhano?				DHP 31	appamādavaggo	appamādarato bhikkhu,<br/>pamāde bhayadassi vā,<br/><b>saṃyojanaṃ</b> aṇuṃ thūlaṃ,<br/>ḍahaṃ aggī'va gacchati.				SN 22.101	vāsijaṭasuttaṃ	evam'eva kho, bhikkhave, bhāvan'ānuyogaṃ anuyuttassa bhikkhuno viharato appakasiren'eva <b>saṃyojanāni</b> paṭippassambhanti pūtikāni bhavantī'ti.				MN 10.13	mahāsatipaṭṭhānasuttaṃ	yathā ca uppannassa <b>saṃyojanassa</b> pahānaṃ hoti tañ'ca pajānāti, yathā ca pahīnassa <b>saṃyojanassa</b> āyatiṃ anuppādo hoti tañ'ca pajānāti.				SN 35.232	koṭṭhikasuttaṃ	kiṃ nu kho, āvuso sāriputta, cakkhu rūpānaṃ <b>saṃyojanaṃ</b>, rūpā cakkhussa <b>saṃyojanaṃ</b>											saṃyojan	a nt	73	9	623	[sound:saṃyojana.mp3]		"Spot a mistake? <a class=""link"" href=""https://docs.google.com/forms/d/e/1FAIpQLSc0KxEDyN5G2Mqr4t3AvDpXxSOIbIBi0GrZsAGhDB207sjLow/viewform?usp=pp_url&entry.438735500=saṃyojana 1&entry.644913945=Anki Deck Vocab Pāli Course"">Fix it here</a>."
15105	brahmacariya 1	ss	1		nt	comp						spiritual path; spiritual practice; holy life; celibacy					brahma + cariya				kammadhāraya	brahma + cariya	brahmacarya			(SNa) <b>brahmacariyan</b>'ti methunavirati.				VIN PAT SA 8	duṭṭhadosasikkhāpadaṃ	yo pana bhikkhu bhikkhuṃ duṭṭho doso appatīto amūlakena pārājikena dhammena anuddhaṃseyya app'eva nāma naṃ imamhā <b>brahmacariyā</b> cāveyyan'ti				SN 22.96	gomayapiṇḍasuttaṃ	ettako ce'pi, bhikkhu, attabhāvapaṭilābho abhavissa nicco dhuvo sassato avipariṇāmadhammo, na'y'idaṃ <b>brahmacariya</b>vāso paññāyetha sammā dukkhakkhayāya.				DN 16.21	mahāparinibbānasuttaṃ	yatha'y'idaṃ <b>brahmacariyaṃ</b> addhaniyaṃ assa ciraṭṭhitikaṃ, tadassa bahujanahitāya bahujanasukhāya lok'ānukampāya atthāya hitāya sukhāya devamanussānaṃ	Bodhipakkhiya-dhammā	Requisites for Awakening	Teachings	MN 39	mahāassapurasuttaṃ	vimuttasmiṃ vimuttam'iti ñāṇaṃ hoti, khīṇā jāti, vusitaṃ <b>brahmacariyaṃ</b>, kataṃ karaṇīyaṃ, n'āparaṃ itthattāyā'ti pajānāti	Anupubba-sikkhā	The Gradual Training	Teachings							19n	brahmacariy	a nt	73	9	1035	[sound:brahmacariya.mp3]	moved	"Spot a mistake? <a class=""link"" href=""https://docs.google.com/forms/d/e/1FAIpQLSc0KxEDyN5G2Mqr4t3AvDpXxSOIbIBi0GrZsAGhDB207sjLow/viewform?usp=pp_url&entry.438735500=brahmacariya 1&entry.644913945=Anki Deck Vocab Pāli Course"">Fix it here</a>."
45899	pavāraṇā 2	pp	1		fem		pavāreti					(vinaya) invitation ceremony at the end of the rains retreat; lit. inviting			√var 8 *e (to wish, choose)	√var + *e > vāre	pa + vāre + anā	a > ā	kita	anā			pravāraṇa	√vṛ						MN 118	ānāpānassatisuttaṃ	tena kho pana samayena bhagavā tadah'uposathe pannarase <b>pavāraṇāya</b> puṇṇāya puṇṇamāya rattiyā bhikkhusaṅghaparivuto abbhokāse nisinno hoti.				VIN 2.5.7.9	ukkhittasambhogasikkhāpadaṃ	saṃvaseyya vā'ti ukkhittakena saddhiṃ uposathaṃ vā <b>pavāraṇaṃ</b> vā saṅghakammaṃ vā karoti, āpatti pācittiyassa.				DHPa 1.1.1	cakkhupālatthera vatthu	upakaṭṭhāya <b>pavāraṇāya</b> sabb'eva saha paṭisambhidāhi arahattaṃ pāpuṇiṃsu																	pavāraṇ	ā fem	73		23	[sound:pavāraṇā.mp3]		"Spot a mistake? <a class=""link"" href=""https://docs.google.com/forms/d/e/1FAIpQLSc0KxEDyN5G2Mqr4t3AvDpXxSOIbIBi0GrZsAGhDB207sjLow/viewform?usp=pp_url&entry.438735500=pavāraṇā 2&entry.644913945=Anki Deck Vocab Pāli Course"">Fix it here</a>."
18688	dhamma 1.09	pp	1		masc		dharati					law; case; rule			√dhar 1 a (to hold, carry, endure)		√dhar + ma	r > m	kita	ma			dharma	√dhṛ						VIN PAT PC 63	ukkoṭanasikkhāpadaṃ	yo pana bhikkhu jānaṃ yathā<b>dhammaṃ</b> nihat'ādhikaraṇaṃ punakammāya ukkoṭeyya, pācittiyaṃ.				VIN PAT PC 73	mohanasikkhāpadaṃ	yo pana bhikkhu anvaddhamāsaṃ pātimokkhe uddissamāne evaṃ vadeyya, idān'eva kho ahaṃ jānāmi, ayam'pi kira <b>dhammo</b> sutt'āgato suttapariyāpanno anvaddhamāsaṃ uddesaṃ āgacchatī'ti.				VIN PAT SA	saṅghādisesuddeso	uddiṭṭhā kho, āyasmanto, terasa saṅghādisesā <b>dhammā</b>, nava paṭham'āpattikā cattāro yāvatatiyakā.																	dhamm	a masc	73	2	12531	[sound:dhamma.mp3]		"Spot a mistake? <a class=""link"" href=""https://docs.google.com/forms/d/e/1FAIpQLSc0KxEDyN5G2Mqr4t3AvDpXxSOIbIBi0GrZsAGhDB207sjLow/viewform?usp=pp_url&entry.438735500=dhamma 1.09&entry.644913945=Anki Deck Vocab Pāli Course"">Fix it here</a>."
24804	indriyasaṃvara	pp	1		masc	comp						control of the mind; sense restraint					indriya + saṃvara				sattamī tappurisa	indriy<b>esu</b> + saṃvara	indriya + saṃvara							DN 2.16	sāmaññaphalasuttaṃ	so iminā ariyena <b>indriyasaṃvarena</b> samannāgato ajjhattaṃ abyāsekasukhaṃ paṭisaṃvedeti				MN 112	chabbisodhanasuttaṃ	so iminā ca ariyena sīlakkhandhena samannāgato, imāya ca ariyāya santuṭṭhiyā samannāgato, iminā ca ariyena <b>indriyasaṃvarena</b> samannāgato, iminā ca ariyena satisampajaññena samannāgato vivittaṃ sen'āsanaṃ bhajiṃ				AN 10.61	avijjāsuttaṃ	tīṇi'p'āhaṃ sucaritāni sāhārāni vadāmi, no anāhārāni. ko c'āhāro tiṇṇaṃ sucaritānaṃ? <b>indriyasaṃvaro'</b>ti'ssa vacanīyaṃ.				AN 10.73	iṭṭhadhammasuttaṃ	kalyāṇamittatā sīlānaṃ āhāro, <b>indriyasaṃvaro</b> brahmacariyassa āhāro, avisaṃvādanā mittānaṃ āhāro											indriyasaṃvar	a masc	73			[sound:indriyasaṃvara.mp3]		"Spot a mistake? <a class=""link"" href=""https://docs.google.com/forms/d/e/1FAIpQLSc0KxEDyN5G2Mqr4t3AvDpXxSOIbIBi0GrZsAGhDB207sjLow/viewform?usp=pp_url&entry.438735500=indriyasaṃvara&entry.644913945=Anki Deck Vocab Pāli Course"">Fix it here</a>."
65289	vassa 2	pp	1		masc		vassati					rainy season; monsoon			√vass 1 a (to rain)		√vass + a		kita	a			varṣa	√vṛṣ						DHP 286	maggavaggo	idha <b>vassaṃ</b> vasissāmi,<br/>idha hem'antagimhisu,<br/>iti bālo vicinteti,<br/>antarāyaṃ na bujjhati.				VIN 1.0	verañjakaṇḍaṃ	adhivāsetu ca me bhavaṃ gotamo verañjāyaṃ <b>vassa</b>-avāsaṃ saddhiṃ bhikkhusaṅghenā'ti				VIN 1.1.4	catutthapārājikaṃ	tena kho pana samayena sambahulā bhikkhū katikaṃ katvā aññatarasmiṃ āvāse <b>vassaṃ</b> upagacchiṃsu																	vass	a masc	73	2	178	[sound:vassa.mp3]		"Spot a mistake? <a class=""link"" href=""https://docs.google.com/forms/d/e/1FAIpQLSc0KxEDyN5G2Mqr4t3AvDpXxSOIbIBi0GrZsAGhDB207sjLow/viewform?usp=pp_url&entry.438735500=vassa 2&entry.644913945=Anki Deck Vocab Pāli Course"">Fix it here</a>."
15603	cāga 2	pn	1		masc		cajati					generosity; sharing; liberality			√caj 1 a (to give up, let go)		√caj > cāg + *a	a > ā<br/>j > g	kita	*a			tyāga	√tyaj						AN 7.6	vitthatadhanasuttaṃ	idha, bhikkhave, ariyasāvako vigatamalamaccherena cetasā agāraṃ ajjhāvasati mutta<b>cāgo</b> payatapāṇi vossaggarato yācayogo dānasaṃvibhāgarato. idaṃ vuccati, bhikkhave, <b>cāga</b>dhanaṃ.				SN 37.34	vaḍḍhīsuttaṃ	saddhāya vaḍḍhati, sīlena vaḍḍhati, sutena vaḍḍhati, <b>cāgena</b> vaḍḍhati, paññāya vaḍḍhati.				AN 3.71	uposathasuttaṃ	tassa attano ca tāsañ'ca devatānaṃ saddhañ'ca sīlañ'ca sutañ'ca <b>cāgañ</b>'ca paññañ'ca anussarato cittaṃ pasīdati																	cāg	a masc	73	2	159	[sound:cāga.mp3]		"Spot a mistake? <a class=""link"" href=""https://docs.google.com/forms/d/e/1FAIpQLSc0KxEDyN5G2Mqr4t3AvDpXxSOIbIBi0GrZsAGhDB207sjLow/viewform?usp=pp_url&entry.438735500=cāga 2&entry.644913945=Anki Deck Vocab Pāli Course"">Fix it here</a>."
33862	mettā	ps	1		fem		mitta					goodwill (towards); friendliness (to); benevolence (for)			√mitt 1 a (to be friendly)		√mitt > mett + *ā	i > e	kita	*ā			maitra	√mith						KHP 9	karaṇīya mettasuttaṃ	<b>mettañ</b>'ca sabbalokasmi,<br/>mānasaṃ bhāvaye aparimāṇaṃ,<br/>uddhaṃ adho ca tiriyañ'ca,<br/>asambādhaṃ averamasapattaṃ.	Karaṇīya-metta-sutta	The Buddha's Words on Loving-Kindness	Protective Recitations	MN 40	cūḷāssapurasuttaṃ	evam'eva kho, bhikkhave, khattiyakulā ce'pi agārasmā anagāriyaṃ pabbajito hoti, so ca tathāgatappaveditaṃ dhammavinayaṃ āgamma, evaṃ <b>mettaṃ</b> karuṇaṃ muditaṃ upekkhaṃ bhāvetvā labhati ajjhattaṃ vūpasamaṃ.				SNP 13	ratanasuttaṃ<br/>cūḷavaggo 1	tasmā hi bhūtā nisāmetha sabbe, <b>mettaṃ</b> karotha mānusiyā pajāya. <br/>divā ca ratto ca haranti ye baliṃ, tasmā hi ne rakkhatha appamattā.	Ratana-sutta		Protective Recitations	AN 11.15	mettāsuttaṃ	m<b>ettāya</b> cetovimuttiyā āsevitāya bhāvitāya bahulīkatāya yānīkatāya vatthukatāya anuṭṭhitāya paricitāya susamāraddhāya ekādas'ānisaṃsā pāṭikaṅkhā.										52n	mett	ā fem	73	7	149	[sound:mettā.mp3]		"Spot a mistake? <a class=""link"" href=""https://docs.google.com/forms/d/e/1FAIpQLSc0KxEDyN5G2Mqr4t3AvDpXxSOIbIBi0GrZsAGhDB207sjLow/viewform?usp=pp_url&entry.438735500=mettā&entry.644913945=Anki Deck Vocab Pāli Course"">Fix it here</a>."
13954	bhante	ss	1		masc	voc sg	bhavant					sir(s); lord(s); venerable sir(s); reverend(s)			√bhad 1 a (to be good, lucky)		√bhad + anta + e<br/>bhadanta + e						bhavantaḥ	√bhand						DN 14.13	mahāpadānasuttaṃ	seyyathā'pi, <b>bhante</b>, nikkujjitaṃ vā ukkujjeyya, paṭicchannaṃ vā vivareyya, mūḷhassa vā maggaṃ ācikkheyya, andhakāre vā telapajjotaṃ dhāreyya, cakkhumanto rūpāni dakkhantī'ti. evam'evaṃ bhagavatā anekapariyāyena dhammo pakāsito.				AN 10.58	mūlakasuttaṃ	bhagavaṃmūlakā no, bhante, dhammā bhagavaṃnettikā bhagavaṃpaṭisaraṇā. sādhu vata, <b>bhante</b>, bhagavantaṃ'y'eva paṭibhātu etassa bhāsitassa attho. bhagavato sutvā bhikkhū dhāressantī'ti.				SN 22.59	anattalakkhaṇasuttaṃ	taṃ kiṃ maññatha, bhikkhave, rūpaṃ niccaṃ vā aniccaṃ vā'ti? aniccaṃ, <b>bhante</b>.	Anatta-lakkhaṇa-sutta	The Discourse on the Characteristic of Not-Self	Cardinal Suttas	AN 8.53	saṃkhittasuttaṃ	sādhu me, <b>bhante</b>, bhagavā saṃkhittena dhammaṃ desetu, yam'ahaṃ bhagavato dhammaṃ sutvā ekā vūpakaṭṭhā appamattā ātāpinī pahit'attā vihareyyan'ti	Saṅkhitta-dhamma	The Dhamma in Brief	Teachings							38n	!*	bhavant masc	73			[sound:bhante.mp3]	moved	"Spot a mistake? <a class=""link"" href=""https://docs.google.com/forms/d/e/1FAIpQLSc0KxEDyN5G2Mqr4t3AvDpXxSOIbIBi0GrZsAGhDB207sjLow/viewform?usp=pp_url&entry.438735500=bhante&entry.644913945=Anki Deck Vocab Pāli Course"">Fix it here</a>."
63383	upekkhā	ss	1		fem		upekkhati					looking on; mental poise; mental balance; equanimity; equipoise; non-reactivity; composure			√ikkh 1 a (to see, mark)		upa + √ikkh + ā	i > e	kita	ā			upekṣā	√īkṣ						MN 152	indriyabhāvanāsuttaṃ	etaṃ santaṃ etaṃ paṇītaṃ yadidaṃ <b>upekkhā</b>'ti				MN 62	mahārāhulovādasuttaṃ	<b>upekkhaṃ</b>, rāhula, bhāvanaṃ bhāvehi. <b>upekkhañ</b>'hi te, rāhula, bhāvanaṃ bhāvayato yo paṭigho so pahīyissati.				DN 22.18	mahāsatipaṭṭhānasuttaṃ	sukhassa ca pahānā dukkhassa ca pahānā, pubb'eva somanassadomanassānaṃ atthaṅ'gamā, adukkham'asukhaṃ <b>upekkhā</b>satipārisuddhiṃ catutthaṃ jhānaṃ upasampajja viharati.	Ariy'aṭṭhaṅgika-magga	The Noble Eightfold Path	Teachings	DN 13.8	tevijjasuttaṃ	<b>upekkhā</b>sahagatena cetasā ekaṃ disaṃ pharitvā viharati<br/>tathā dutiyaṃ tathā tatiyaṃ tathā catutthaṃ	Brahmavihārā	The Divine Abidings	Reflections							32n	upekkh	ā fem	73	7	175	[sound:upekkhā.mp3]		"Spot a mistake? <a class=""link"" href=""https://docs.google.com/forms/d/e/1FAIpQLSc0KxEDyN5G2Mqr4t3AvDpXxSOIbIBi0GrZsAGhDB207sjLow/viewform?usp=pp_url&entry.438735500=upekkhā&entry.644913945=Anki Deck Vocab Pāli Course"">Fix it here</a>."
49685	saddhā 1	ps	1		fem		saddahati					faith (in); belief (in); trust (in); lit. putting heart			√dhā 1 a (to place, support)		sad + √dhā + ā		kita	ā			śrāddha	√dhā						DHP 144	daṇḍavaggo	asso yathā bhadro kasāniviṭṭho,<br/>ātāpino saṃvegino bhavātha,<br/><b>saddhāya</b> sīlena ca vīriyena ca,<br/>samādhinā dhammavinicchayena ca,<br/>sampannavijjācaraṇā patissatā,<br/>jahissatha dukkham'idaṃ anappakaṃ.				SNP 4	kasibhāradvājasuttaṃ<br/>uragavaggo 4	<b>saddhā</b> bījaṃ tapo vuṭṭhi,<br/>paññā me yuganaṅgalaṃ,<br/>hirī īsā mano yottaṃ,<br/>sati me phālapācanaṃ.				MN 27	cūḷahatthipadopamasuttaṃ	so taṃ dhammaṃ sutvā tathāgate <b>saddhaṃ</b> paṭilabhati. so tena <b>saddhā</b>paṭilābhena samannāgato iti paṭisañcikkhati	Anupubba-sikkhā	The Gradual Training	Teachings													18n	saddh	ā fem	73	7	503	[sound:saddhā.mp3]		"Spot a mistake? <a class=""link"" href=""https://docs.google.com/forms/d/e/1FAIpQLSc0KxEDyN5G2Mqr4t3AvDpXxSOIbIBi0GrZsAGhDB207sjLow/viewform?usp=pp_url&entry.438735500=saddhā 1&entry.644913945=Anki Deck Vocab Pāli Course"">Fix it here</a>."
57560	suñña 2	ps	1		adj							empty; uninhabited											śūnya, śūna							DN 16.7	mahāparinibbānasuttaṃ	atha kho bhagavā acirapakkantesu pāṭaligāmikesu upāsakesu <b>suñña</b>-agāraṃ pāvisi				AN 10.48	pabbajitābhiṇhasuttaṃ	kacci nu kho'haṃ <b>suññ</b>'āgāre abhiramāmī'ti, pabbajitena abhiṇhaṃ paccavekkhitabbaṃ.	Dasadhammā pabbajita-abhiṇha-paccavekkhaṇā	Ten Subjects for Frequent Recollection by One Who Has Gone Forth	Reflections	SN 35.238	āsīvisopamasuttaṃ	so passeyya <b>suññaṃ</b> gāmaṃ. yaññad'eva gharaṃ paviseyya rittakaññ'eva paviseyya tucchakaññ'eva paviseyya suññakaññ'eva paviseyya.																34n	suññ	a adj	73	11	129	[sound:suñña.mp3]		"Spot a mistake? <a class=""link"" href=""https://docs.google.com/forms/d/e/1FAIpQLSc0KxEDyN5G2Mqr4t3AvDpXxSOIbIBi0GrZsAGhDB207sjLow/viewform?usp=pp_url&entry.438735500=suñña 2&entry.644913945=Anki Deck Vocab Pāli Course"">Fix it here</a>."
56693	sotāpanna 1	p	1		adj	comp						who has entered the stream; entered the first stage of the path					sota + āpanna				dutiyā tappurisa	sot<b>aṃ</b> + āpanna	srotaāpanna							UD 70	utenasuttaṃ	sant'ettha, bhikkhave, upāsikāyo <b>sot'āpannā</b>, santi sakadāgāminiyo, santi anāgāminiyo. sabbā tā, bhikkhave, upāsikāyo anipphalā kālaṅ'katā'ti.				SN 25.1	cakkhusuttaṃ	yo, bhikkhave, ime dhamme evaṃ pajānāti evaṃ passati, ayaṃ vuccati, <b>sot'āpanno</b> avinipātadhammo niyato sambodhiparāyano'ti.				SN 12.41	pañcaverabhayasuttaṃ	so ākaṅkhamāno attanā'va attānaṃ byākareyya  khīṇanirayo'mhi khīṇatiracchānayoni khīṇapettivisayo khīṇ'āpāyaduggativinipāto <b>sot'āpanno</b>'ham'asmi avinipātadhammo niyato sambodhiparāyaṇo'ti																	sotāpann	a adj	73			[sound:sotāpanna.mp3]		"Spot a mistake? <a class=""link"" href=""https://docs.google.com/forms/d/e/1FAIpQLSc0KxEDyN5G2Mqr4t3AvDpXxSOIbIBi0GrZsAGhDB207sjLow/viewform?usp=pp_url&entry.438735500=sotāpanna 1&entry.644913945=Anki Deck Vocab Pāli Course"">Fix it here</a>."
52101	sampajañña	pp	1		nt	abstr	sampajāna					attentiveness; clear awareness; full comprehension			√ñā 5 nā (to know)	√ñā + nā > jānā	saṃ + pa + jānā + ya<br/>sampajāna + ya	ṃ > m<br/>ñ > j	taddhita	ya			samprajñā	√jñā						TH 247	udāyittheragāthā	sati ca <b>sampajaññañ</b>'ca,<br/>caraṇā nāgassa tepare,<br/>saddhāhattho mahānāgo,<br/>upekkhāsetadantavā.				DN 9.7	poṭṭhapādasuttaṃ, tayo attapaṭilābhā	saṃkilesikā c'eva dhammā pahīyissanti ... pāmujjaṃ c'eva bhavissati pīti ca passaddhi ca sati ca <b>sampajaññañ</b>'ca sukho ca vihāro.				AN 10.61	avijjāsuttaṃ	sati<b>sampajaññam</b>'p'āhaṃ, bhikkhave, sāhāraṃ vadāmi, no anāhāraṃ. ko c'āhāro sati<b>sampajaññassa</b>? yonisomanasikāro'ti'ssa vacanīyaṃ.				AN 8.74	dutiya maraṇassatisuttaṃ	seyyathā'pi ādittacelo vā ādittasīso vā, tass'eva celassa vā sīsassa vā nibbāpanāya adhimattaṃ chandañ'ca vāyāmañ'ca ussāhañ'ca ussoḷhiñ'ca appaṭivāniñ'ca satiñ'ca <b>sampajaññañ</b>'ca kareyya.											sampajaññ	a nt	73		35	[sound:sampajañña.mp3]		"Spot a mistake? <a class=""link"" href=""https://docs.google.com/forms/d/e/1FAIpQLSc0KxEDyN5G2Mqr4t3AvDpXxSOIbIBi0GrZsAGhDB207sjLow/viewform?usp=pp_url&entry.438735500=sampajañña&entry.644913945=Anki Deck Vocab Pāli Course"">Fix it here</a>."
39974	pācittiya 1	pp	1		nt							(vinaya) offence requiring confession											prāyaścitta			(VIN 6.8.5) <b>pācittiyan</b>'ti yaṃ vuttaṃ,<br/>taṃ suṇohi yathātathaṃ,<br/>pāteti kusalaṃ dhammaṃ,<br/>ariyamaggaṃ aparajjhati,<br/>cittasaṃmohanaṭṭhānaṃ,<br/>ten'etaṃ iti vuccati.				VIN PAT NP 1	kathinasikkhāpadaṃ	niṭṭhitacīvarasmiṃ bhikkhunā ubbhatasmiṃ kathine das'āhaparamaṃ atirekacīvaraṃ dhāretabbaṃ, taṃ atikkāmayato nissaggiyaṃ <b>pācittiyaṃ</b>.				VIN 2.5.6.7	nahāna sikkhāpadaṃ	yo pana bhikkhu oren'addhamāsaṃ nahāyeyya, <b>pācittiyan</b>'ti				VIN PAT PC 1	musāvāda sikkhāpada	sampajānamusāvāde, <b>pācittiyaṃ</b>.																	pācittiy	a nt	73	9	1295	[sound:pācittiya.mp3]		"Spot a mistake? <a class=""link"" href=""https://docs.google.com/forms/d/e/1FAIpQLSc0KxEDyN5G2Mqr4t3AvDpXxSOIbIBi0GrZsAGhDB207sjLow/viewform?usp=pp_url&entry.438735500=pācittiya 1&entry.644913945=Anki Deck Vocab Pāli Course"">Fix it here</a>."
53405	saṅghāṭi 1	ps	1	e	fem		saṅghaṭeti					outer robe; double robe; patchwork robe; lit. joined together			√ghaṭ 1 a (to join together)		saṃ + √ghaṭ > ghāṭ + *i	ṃ > ṅ<br/>a > ā	kita	*i			saṃghāṭi	√jhaṭ						MN 86	aṅgulimālasuttaṃ	atha kho āyasmā aṅgulimālo bhinnena sīsena, lohitena gaḷantena, bhinnena pattena, vipphālitāya <b>saṅghāṭiyā</b> yena bhagavā ten'upasaṅkami				VIN 1.2.13	kuladūsaka sikkhāpadaṃ	muṭṭhīhi'pi yujjhanti, raṅgamajjhe'pi <b>saṅghāṭiṃ</b> pattharitvā naccakiṃ evaṃ vadanti, idha, bhagini, naccassū'ti, nalāṭikam'pi denti, vividham'pi anācāraṃ ācaranti.				MN 107	gaṇakamoggallānasuttaṃ	samiñjite pasārite sampajānakārī, <b>saṅghāṭi</b>pattacīvaradhāraṇe sampajānakārī, asite pīte khāyite sāyite sampajānakārī	Anupubba-sikkhā	The Gradual Training	Teachings													18n	saṅghāṭ	i fem	73	8	53	[sound:saṅghāṭi.mp3]		"Spot a mistake? <a class=""link"" href=""https://docs.google.com/forms/d/e/1FAIpQLSc0KxEDyN5G2Mqr4t3AvDpXxSOIbIBi0GrZsAGhDB207sjLow/viewform?usp=pp_url&entry.438735500=saṅghāṭi 1&entry.644913945=Anki Deck Vocab Pāli Course"">Fix it here</a>."
56654	soracca	pn	1		nt	abstr	sorata					kindness; gentleness; compassion; (comm) good conduct; lit. gentle state			√ram 1 a (to delight, please)		su > so + √ram + ta + *ya<br/>surata + *ya	u > o<br/>mt > t<br/>ty > cc	taddhita	*ya			sūrata	√ram		(ANa) <b>soraccan</b>'ti sucisīlaṃ				TH 247	udāyittheragāthā	nāgaṃ vo kittayissāmi,<br/>na hi āguṃ karoti so,<br/><b>soraccaṃ</b> avihiṃsā ca,<br/>pādā nāgassa te duve.				SNP 4	kasibhāradvājasuttaṃ<br/>uragavaggo 4	kāyagutto vacīgutto,<br/>āhāre udare yato,<br/>saccaṃ karomi niddānaṃ,<br/><b>soraccaṃ</b> me pamocanaṃ.				AN 4.61	pattakammasuttaṃ	samaṇabrāhmaṇā madappamādā paṭiviratā khanti<b>soracce</b> niviṭṭhā ekam'attānaṃ damenti, ekam'attānaṃ samenti, ekam'attānaṃ parinibbāpenti,																	soracc	a nt	73		10	[sound:soracca.mp3]		"Spot a mistake? <a class=""link"" href=""https://docs.google.com/forms/d/e/1FAIpQLSc0KxEDyN5G2Mqr4t3AvDpXxSOIbIBi0GrZsAGhDB207sjLow/viewform?usp=pp_url&entry.438735500=soracca&entry.644913945=Anki Deck Vocab Pāli Course"">Fix it here</a>."
28967	khanti 1	pp	1		fem	abstr	khamati					patience; endurance; tolerance			√kham 1 a (to tolerate, endure)		√kham + ti	m > n	kita	ti			kṣānti	√kṣam		(SNa) <b>khantiyā</b>'ti adhivāsanakhantiyā.				SN 11.4	vepacittisuttaṃ	yo have balavā santo,<br/>dubbalassa titikkhati,<br/>tam'āhu paramaṃ <b>khantiṃ</b>,<br/>niccaṃ khamati dubbalo.				SN 47.19	sedakasuttaṃ	kathañ'ca, bhikkhave, paraṃ rakkhanto attānaṃ rakkhati? <b>khantiyā</b>, avihiṃsāya, mettacittatāya, anudayatāya, evaṃ kho, bhikkhave, paraṃ rakkhanto attānaṃ rakkhati.				AN 4.61	pattakammasuttaṃ	samaṇabrāhmaṇā madappamādā paṭiviratā <b>khanti</b>soracce niviṭṭhā ekam'attānaṃ damenti, ekam'attānaṃ samenti, ekam'attānaṃ parinibbāpenti,																	khant	i fem	73			[sound:khanti.mp3]		"Spot a mistake? <a class=""link"" href=""https://docs.google.com/forms/d/e/1FAIpQLSc0KxEDyN5G2Mqr4t3AvDpXxSOIbIBi0GrZsAGhDB207sjLow/viewform?usp=pp_url&entry.438735500=khanti 1&entry.644913945=Anki Deck Vocab Pāli Course"">Fix it here</a>."
50336	sakkāyadiṭṭhi	ps	1		fem	comp						view that one is an embodied being; personality view; self-identification					sakkāya + diṭṭhi				kammadhāraya	sakkāya + diṭṭhi	satkāyadṛṣṭi							MN 2.2	sabbāsavasuttaṃ	tassa evaṃ yoniso manasikaroto tīṇi saṃyojanāni pahīyanti, <b>sakkāyadiṭṭhi</b>, vicikicchā, sīlabbataparāmāso. ime vuccanti, bhikkhave, āsavā dassanā pahātabbā				AN 10.13	saṃyojanasuttaṃ	<b>sakkāyadiṭṭhi</b>, vicikicchā, sīlabbataparāmāso, kāmacchando, byāpādo, imāni pañc'oram'bhāgiyāni saṃyojanāni.				SNP 13	ratanasuttaṃ<br/>cūḷavaggo 1	sahā'v'assa dassanasampadāya, taya'ssu dhammā jahitā bhavanti. <br/><b>sakkāyadiṭṭhi</b> vicikicchitañ'ca, sīlabbataṃ vā pi yad'atthi kiñci.	Ratana-sutta		Protective Recitations													52n	sakkāyadiṭṭh	i fem	73			[sound:sakkāyadiṭṭhi.mp3]		"Spot a mistake? <a class=""link"" href=""https://docs.google.com/forms/d/e/1FAIpQLSc0KxEDyN5G2Mqr4t3AvDpXxSOIbIBi0GrZsAGhDB207sjLow/viewform?usp=pp_url&entry.438735500=sakkāyadiṭṭhi&entry.644913945=Anki Deck Vocab Pāli Course"">Fix it here</a>."
70116	yoniso	ps	1		ind	adv, abl sg	yoni					properly; prudently; thoroughly; carefully; intelligently; lit. to the source			√yu 1 a (to unite, fasten)		√yu > yo + *ni + so<br/>yoni + so		taddhita	so			yoniśas							DHP 326	nāgavaggo	idaṃ pure cittam'acāri cārikaṃ,<br/>yen'icchakaṃ yatthakāmaṃ yathāsukhaṃ,<br/>tadajj'ahaṃ niggahessāmi <b>yoniso</b>,<br/>hatthippabhinnaṃ viya aṅkusaggaho.				AN 10.47	mahālisuttaṃ	ko pana, bhante, hetu ko paccayo kalyāṇassa kammassa kiriyāya kalyāṇassa kammassa pavattiyā'ti? ... <b>yoniso</b> manasikāro kho, mahāli, hetu, yoniso manasikāro paccayo kalyāṇassa kammassa kiriyāya kalyāṇassa kammassa pavattiyā.				MN 2.4	sabbāsavasuttaṃ	paṭisaṅkhā <b>yoniso</b> cīvaraṃ paṭisevāmi yāva'd'eva sītassa paṭighātāya uṇhassa paṭighātāya ḍaṃsamakasavāt'ātapasiriṃsapasamphassānaṃ paṭighātāya	Cattaro parikkhāra	The Four Requisites	Reflections													30n	-		73	13	248	[sound:yoniso.mp3]	moved	"Spot a mistake? <a class=""link"" href=""https://docs.google.com/forms/d/e/1FAIpQLSc0KxEDyN5G2Mqr4t3AvDpXxSOIbIBi0GrZsAGhDB207sjLow/viewform?usp=pp_url&entry.438735500=yoniso&entry.644913945=Anki Deck Vocab Pāli Course"">Fix it here</a>."
41365	pañcanīvaraṇa	ps	1		nt	comp						five obstacles; five barriers; five hindrances					pañca + nīvaraṇa				digu	pañca + nīvaraṇāni	pañca + nīvaraṇa				kāmacchandanīvaraṇaṃ, byāpādanīvaraṇaṃ, thinamiddhanīvaraṇaṃ, uddhaccakukkuccanīvaraṇaṃ, vicikicchānīvaraṇaṃ			DN 9.3	poṭṭhapādasuttaṃ	tass'ime <b>pañcanīvaraṇe</b> pahīne attani samanupassato pāmojjaṃ jāyati, pamuditassa pīti jāyati, pītimanassa kāyo passambhati, passaddhakāyo sukhaṃ vedeti, sukhino cittaṃ samādhiyati.				MN 39	mahāassapurasuttaṃ	so ime <b>pañca</b> <b>nīvaraṇe</b> pahāya cetaso upakkilese paññāya dubbalīkaraṇe	Anupubba-sikkhā	The Gradual Training	Teachings	AN 10.61	avijjāsuttaṃ	pañca'p'āhaṃ nīvaraṇe sāhāre vadāmi, no anāhāre. ko c'āhāro <b>pañcannaṃ nīvaraṇānaṃ</b>? tīṇi duccaritānī'ti'ssa vacanīyaṃ.																18n	pañcanīvaraṇ	a nt	73			[sound:pañcanīvaraṇa.mp3]		"Spot a mistake? <a class=""link"" href=""https://docs.google.com/forms/d/e/1FAIpQLSc0KxEDyN5G2Mqr4t3AvDpXxSOIbIBi0GrZsAGhDB207sjLow/viewform?usp=pp_url&entry.438735500=pañcanīvaraṇa&entry.644913945=Anki Deck Vocab Pāli Course"">Fix it here</a>."
67326	vimutti	ss	1		fem		vimuñcati					freedom; liberation; release; deliverance			√muc 2 ṃa (to release, free)		vi + √muc + ti		kita	ti			vimukti	√muc						ITI 62	indriyasuttaṃ	tato aññā vimuttassa,<br/>ñāṇaṃ ve hoti tādino,<br/>akuppā me <b>vimuttī</b>'ti,<br/>bhavasaṃyojanakkhayā.				UD 45	uposathasuttaṃ	seyyathā'pi, bhikkhave, mahāsamuddo ekaraso loṇaraso, evam'eva kho, bhikkhave, ayaṃ dhammavinayo ekaraso <b>vimutti</b>raso				SN 56.11	dhammacakkappavattanasuttaṃ	ñāṇañ'ca pana me dassanaṃ udapādi, akuppā me <b>vimutti</b>, ayam'antimā jāti, n'atthidāni punabbhavo'ti.	Dhamma-cakkappavattana	Setting in Motion The Wheel of Dhamma	Teachings	SN 46.3	sīlasuttaṃ	ye te, bhikkhave, bhikkhū sīlasampannā samādhisampannā ñāṇasampannā <b>vimutti</b>sampannā <b>vimutti</b>ñāṇadassanasampannā,	Satta-sambojjhaṅgā	The Seven Factors of Awakening	Teachings							17n	vimutt	i fem	73	8	131	[sound:vimutti.mp3]		"Spot a mistake? <a class=""link"" href=""https://docs.google.com/forms/d/e/1FAIpQLSc0KxEDyN5G2Mqr4t3AvDpXxSOIbIBi0GrZsAGhDB207sjLow/viewform?usp=pp_url&entry.438735500=vimutti&entry.644913945=Anki Deck Vocab Pāli Course"">Fix it here</a>."
1276	abyāpāda	pss	1		masc	abstr	byāpajjati	neg				goodwill; kindness; friendliness; benevolence; lit. not ill-will			√pad 3 ya (to go, step)		na > a + vi > vy > by + ā + √pad > pād + *a	vi > by<br/>a > ā	kita	*a	kammadhāraya	na + byāpāda	na + vyāpādya	√pad	avyāpāda					SN 45.4	jāṇussoṇi brāhmaṇasuttaṃ	<b>abyāpādo</b> avihiṃsā,<br/>viveko yassa āvudhaṃ,<br/>titikkhā cammasannāho,<br/>yogakkhemāya vattati.				MN 8	sallekhasuttaṃ	evam'eva kho, cunda, vihiṃsakassa purisapuggalassa avihiṃsā hoti parikkamanāya ... abhijjhālussa purisapuggalassa anabhijjhā hoti parikkamanāya, byāpannacittassa purisapuggalassa <b>abyāpādo</b> hoti parikkamanāya				DN 22.18	mahāsatipaṭṭhānasuttaṃ	nekkhammasaṅkappo, <b>abyāpāda</b>saṅkappo, avihiṃsāsaṅkappo, ayaṃ vuccati bhikkhave sammāsaṅkappo.	Ariy'aṭṭhaṅgika-magga	The Noble Eightfold Path	Teachings	MN 19	dvedhāvitakkasuttaṃ	pahāsi byāpādavitakkaṃ, <b>abyāpāda</b>vitakkaṃ bahulamakāsi, tassaṃ taṃ abyāpādavitakkāya cittaṃ namati.										21n	abyāpād	a masc	73	2	86	[sound:abyāpāda.mp3]	moved	"Spot a mistake? <a class=""link"" href=""https://docs.google.com/forms/d/e/1FAIpQLSc0KxEDyN5G2Mqr4t3AvDpXxSOIbIBi0GrZsAGhDB207sjLow/viewform?usp=pp_url&entry.438735500=abyāpāda&entry.644913945=Anki Deck Vocab Pāli Course"">Fix it here</a>."
67795	vipassanā	p	1		fem	abstr	vipassati					insight; penetrating internal vision; introspection; lit. seeing distinctly			√dis 1 a (to see)	√dis + a > disa > passa (irreg)	vi + passa + anā		kita	anā			vipaśyanā	√dṛś		(ANa) <b>vipassanā</b>'ti saṅkhārapariggāhakañāṇaṃ.<br/>(DSa) anicc'ādivasena vividhena ākārena passatī'ti <b>vipassanā</b>				MN 43	mahāvedallasuttaṃ	idh'āvuso, sammādiṭṭhi sīl'ānuggahitā ca hoti, sut'ānuggahitā ca hoti, sākacch'ānuggahitā ca hoti, samath'ānuggahitā ca hoti, <b>vipassanā</b>-anuggahitā ca hoti.				AN 10.71	ākaṅkhasuttaṃ	ākaṅkheyya ce, bhikkhave, bhikkhu, sabrahmacārīnaṃ piyo c'assaṃ manāpo ca garu ca bhāvanīyo cā'ti, sīlesv'ev'assa paripūrakārī ajjhattaṃ cetosamatham'anuyutto anirākatajjhāno <b>vipassanāya</b> samannāgato brūhetā suññ'āgārānaṃ.				AN 4.147	dutiyakālasuttaṃ	kālena dhammassavanaṃ, kālena dhammasākacchā, kālena sammasanā, kālena <b>vipassanā</b>, ime kho, bhikkhave, cattāro kālā sammā bhāviyamānā sammā anuparivattiyamānā anupubbena āsavānaṃ khayaṃ pāpenti.																	vipassan	ā fem	73	7	59	[sound:vipassanā.mp3]		"Spot a mistake? <a class=""link"" href=""https://docs.google.com/forms/d/e/1FAIpQLSc0KxEDyN5G2Mqr4t3AvDpXxSOIbIBi0GrZsAGhDB207sjLow/viewform?usp=pp_url&entry.438735500=vipassanā&entry.644913945=Anki Deck Vocab Pāli Course"">Fix it here</a>."
32926	manasikāra	ps	1		masc	comp	manasikaroti					attention; bringing-to-mind; observation; noticing; focussing; lit. making in mind					manasi + kāra				alutta sattamī tappurisa	man<b>asi</b> + kāra	manasikāra							TH 139	nandattheragāthā	ayoniso <b>manasikārā</b>,<br/>maṇḍanaṃ anuyuñjisaṃ,<br/>uddhato capalo c'āsiṃ,<br/>kāmarāgena aṭṭito.				AN 10.47	mahālisuttaṃ	ko pana, bhante, hetu ko paccayo kalyāṇassa kammassa kiriyāya kalyāṇassa kammassa pavattiyā'ti? ... yoniso <b>manasikāro</b> kho, mahāli, hetu, yoniso <b>manasikāro</b> paccayo kalyāṇassa kammassa kiriyāya kalyāṇassa kammassa pavattiyā.				SN 12.2	vibhaṅgasuttaṃ	katamañ'ca, bhikkhave, nāmarūpaṃ? vedanā, saññā, cetanā, phasso, <b>manasikāro</b>, idaṃ vuccati nāmaṃ.	Paṭicca-samuppāda	Dependent Origination	Teachings	MN 2.1	sabbāsavasuttaṃ	jānato ahaṃ passato āsavānaṃ khayaṃ vadāmi, no ajānato no apassato. yoniso ca manasikāraṃ ayoniso ca <b>manasikāraṃ</b>.										23n	manasikār	a masc	73	2	98	[sound:manasikāra.mp3]		"Spot a mistake? <a class=""link"" href=""https://docs.google.com/forms/d/e/1FAIpQLSc0KxEDyN5G2Mqr4t3AvDpXxSOIbIBi0GrZsAGhDB207sjLow/viewform?usp=pp_url&entry.438735500=manasikāra&entry.644913945=Anki Deck Vocab Pāli Course"">Fix it here</a>."
27826	karuṇā	ss	1		fem	abstr						compassion; sympathy; kindness (towards unfortunate beings); lit. action											karuṇā				MW suggests from √kṝ or √kṛ			VISM 1.1.2	sīlānisaṃsa kathā	seyyathā'pi nāma ekaṃ puggalaṃ duggataṃ durūpetaṃ disvā karuṇāyeyya, evam'eva sabbasatte <b>karuṇāya</b> pharatī'ti				MN 40	cūḷāssapurasuttaṃ	evam'eva kho, bhikkhave, khattiyakulā ce'pi agārasmā anagāriyaṃ pabbajito hoti, so ca tathāgatappaveditaṃ dhammavinayaṃ āgamma, evaṃ mettaṃ <b>karuṇaṃ</b> muditaṃ upekkhaṃ bhāvetvā labhati ajjhattaṃ vūpasamaṃ.				DN 13.8	tevijjasuttaṃ	iti uddham'adho tiriyaṃ sabbadhi sabbattatāya sabbāvantaṃ lokaṃ <b>karuṇā</b>sahagatena cetasā vipulena mahaggatena appamāṇena averena abyāpajjena pharitvā viharati.	Brahmavihārā	The Divine Abidings	Reflections	Thai		buddho susuddho <b>karuṇā</b>mah'aṇṇavo, yo'ccantasuddhabbarañāṇalocano, lokassa pāp'ūpakilesaghātako	Ratanattaya-paṇāma	Salutation to the Triple Gem	Homage to the Triple Gem							32n	karuṇ	ā fem	73		39	[sound:karuṇā.mp3]		"Spot a mistake? <a class=""link"" href=""https://docs.google.com/forms/d/e/1FAIpQLSc0KxEDyN5G2Mqr4t3AvDpXxSOIbIBi0GrZsAGhDB207sjLow/viewform?usp=pp_url&entry.438735500=karuṇā&entry.644913945=Anki Deck Vocab Pāli Course"">Fix it here</a>."
1375	ācariya 1	ps	1		masc		ācarati					teacher; religious leader			√car 1 a (to act, behave)		ā + √car + iya		kita	iya			ācārya	√car						DN 25	udumbarikasuttaṃ	siyā kho pana te, nigrodha, evam'assa, antevāsikamyatā no samaṇo gotamo evam'āhā'ti. na kho pan'etaṃ, nigrodha, evaṃ daṭṭhabbaṃ. yo eva vo <b>ācariyo</b>, so eva vo <b>ācariyo</b> hotu.				AN 2.9	cariyasuttaṃ	ime kho, bhikkhave, dve sukkā dhammā lokaṃ na pāleyyuṃ, na'y'idha paññāyetha mātā'ti vā mātucchā'ti vā mātulānī'ti vā <b>ācariya</b>bhariyā'ti vā garūnaṃ dārā'ti vā.				Trad		iminā puññakammena upajjhāyā guṇ'uttarā, <b>ācariy</b>'ūpakārā ca mātāpitā ca ñātakā, suriyo candimā rājā, guṇavantā narā'pi ca	Uddissan'ādhiṭṭhānā	Sharing and Aspirations	Sharing of Merits	AN 4.73	sappurisasuttaṃ	so aparena samayena saṃvāsam'anvāya vissāsam'anvāya <b>ācariyam</b>'pi upajjhāyam'pi evam'āha, apetha, kiṃ pana tumhe jānāthā'ti!										68n	ācariy	a masc	73	2	360	[sound:ācariya.mp3]	moved	"Spot a mistake? <a class=""link"" href=""https://docs.google.com/forms/d/e/1FAIpQLSc0KxEDyN5G2Mqr4t3AvDpXxSOIbIBi0GrZsAGhDB207sjLow/viewform?usp=pp_url&entry.438735500=ācariya 1&entry.644913945=Anki Deck Vocab Pāli Course"">Fix it here</a>."
62565	upajjhāya	ps	1		masc		upa adhi √i					preceptor; teacher			√i 1 a (to study, recite)		upa + adhi > adhy > ajjh + √i > āy + *a	dhi > dhy > jjh<br/>i > āy	kita	*a			upādhyāya	√i						TH 14	sivaka sāmaṇera gāthā	<b>upajjhāyo</b> maṃ avaca,<br/>ito gacchāma sīvaka,<br/>gāme me vasati kāyo,<br/>araññaṃ me gato mano,<br/>semānakopi gacchāmi,<br/>n'atthi saṅgo vijānatan'ti.				VIN 4.1.15	upajjhāya vatta kathā	<b>upajjhāyamhi</b> vuṭṭhite āsanaṃ uddharitabbaṃ. sace so deso uklāpo hoti, so deso sammajjitabbo.				Trad		iminā puññakammena <b>upajjhāyā</b> guṇ'uttarā, ācariy'ūpakārā ca mātāpitā ca ñātakā, suriyo candimā rājā, guṇavantā narā'pi ca	Uddissan'ādhiṭṭhānā	Sharing and Aspirations	Sharing of Merits	AN 4.73	sappurisasuttaṃ	so aparena samayena saṃvāsam'anvāya vissāsam'anvāya ācariyam'pi <b>upajjhāyam</b>'pi evam'āha, apetha, kiṃ pana tumhe jānāthā'ti!										68n	upajjhāy	a masc	73	2	302	[sound:upajjhāya.mp3]		"Spot a mistake? <a class=""link"" href=""https://docs.google.com/forms/d/e/1FAIpQLSc0KxEDyN5G2Mqr4t3AvDpXxSOIbIBi0GrZsAGhDB207sjLow/viewform?usp=pp_url&entry.438735500=upajjhāya&entry.644913945=Anki Deck Vocab Pāli Course"">Fix it here</a>."
39216	ottappa	pn	1		nt		ottappati					regret; shame in wrongdoing; respect for others			√tapp 1 a (to regret)		ud > od + √tapp + *a	u > o	kita	*a			anutapta, apatrapaṇa	√trap		(DHPa) api c'ettha ajjhattasamuṭṭhānā <b>hirī</b>, bahiddhāsamuṭṭhānaṃ <b>ottappaṃ</b>.	CPD suggests apa + √trap + a + ya			AN 2.9	cariyasuttaṃ	dve'me, bhikkhave, dhammā sukkā lokaṃ pālenti. katame dve? hirī ca <b>ottappañ</b>'ca.				MN 8	sallekhasuttaṃ	ahirikassa purisapuggalassa hirī hoti parikkamanāya, anottāpissa purisapuggalassa <b>ottappaṃ</b> hoti parikkamanāya, appassutassa purisapuggalassa bāhusaccaṃ hoti parikkamanāya				AN 2.9	cariyasuttaṃ	ime kho hirī ca <b>ottappañ</b>'ca lokaṃ na pāleyyuṃ, na'y'idha paññāyetha mātā'ti vā mātucchā'ti vā mātulānī'ti vā ācariyabhariyā'ti vā garūnaṃ dārā'ti																	ottapp	a nt	73	9	50	[sound:ottappa.mp3]		"Spot a mistake? <a class=""link"" href=""https://docs.google.com/forms/d/e/1FAIpQLSc0KxEDyN5G2Mqr4t3AvDpXxSOIbIBi0GrZsAGhDB207sjLow/viewform?usp=pp_url&entry.438735500=ottappa&entry.644913945=Anki Deck Vocab Pāli Course"">Fix it here</a>."
36520	nibbidā	pp	1		fem		nibbijjati					dis-enchantment (towards); de-illusionment (with); disinterest (in); dispassion (towards)			√vid 2 ṃa (to feel, like)		nī + √vid > bid + ā	īv > ibb	kita	ā			nirvid	√vid						SN 22.79	khajjanīyasuttaṃ	so iti paṭisaṅkhāya atītasmiṃ rūpasmiṃ anapekkho hoti, anāgataṃ rūpaṃ n'ābhinandati, paccuppannassa rūpassa <b>nibbidāya</b> virāgāya nirodhāya paṭipanno hoti				MN 22	alagaddūpamasuttaṃ	evaṃ passaṃ, bhikkhave, sutavā ariyasāvako ... viññāṇasmiṃ nibbindati, <b>nibbidā</b> virajjati, virāgā vimuccati, vimuttasmiṃ vimuttam'iti ñāṇaṃ hoti.				AN 7.83	satthusāsanasuttaṃ	ime dhammā ek'anta<b>nibbidāya</b> virāgāya nirodhāya upasamāya abhiññāya sambodhāya nibbānāya saṃvattantī'ti, ek'aṃsena, upāli, dhāreyyāsi, eso dhammo eso vinayo etaṃ satthusāsanan'ti.				SN 22.57	sattaṭṭhānasuttaṃ	evaṃ rūpassa nissaraṇaṃ abhiññāya rūpassa <b>nibbidāya</b> virāgāya nirodhāya paṭipannā, te suppaṭipannā.											nibbid	ā fem	73	7	171	[sound:nibbidā.mp3]		"Spot a mistake? <a class=""link"" href=""https://docs.google.com/forms/d/e/1FAIpQLSc0KxEDyN5G2Mqr4t3AvDpXxSOIbIBi0GrZsAGhDB207sjLow/viewform?usp=pp_url&entry.438735500=nibbidā&entry.644913945=Anki Deck Vocab Pāli Course"">Fix it here</a>."
12780	āvuso	ps	1		ind	voc sg & pl						brother; brothers; friend; friends					āyasmanto > āyas(mant)o > āvuso										a familiar form of address among monks			SN 5.5	uppalavaṇṇāsuttaṃ	cittasmiṃ vasībhūt'āmhi,<br/>iddhipādā subhāvitā,<br/>sabbabandhanamutt'āmhi,<br/>na taṃ bhāyāmi <b>āvuso</b>'ti.				SN 2.26	rohitassasuttaṃ	na kho pan'āhaṃ, <b>āvuso</b>, appatvā lokassa antaṃ dukkhassa antakiriyaṃ vadāmi				AN 4.180	mahāpadesasuttaṃ	idha, bhikkhave, bhikkhu evaṃ vadeyya, sammukhā m'etaṃ, <b>āvuso</b>, bhagavato sutaṃ sammukhā paṭiggahitaṃ, ayaṃ dhammo, ayaṃ vinayo, idaṃ satthusāsanan'ti.	Cattāro mahāpadesā	The Four Great References	Teachings													25n	-		73			[sound:āvuso.mp3]	moved	"Spot a mistake? <a class=""link"" href=""https://docs.google.com/forms/d/e/1FAIpQLSc0KxEDyN5G2Mqr4t3AvDpXxSOIbIBi0GrZsAGhDB207sjLow/viewform?usp=pp_url&entry.438735500=āvuso&entry.644913945=Anki Deck Vocab Pāli Course"">Fix it here</a>."
7617	anusaya	pp	1		masc		anusayati				+dat	underlying tendency (to); inherent inclination (to); dormant disposition (towards); lit. sleeping alongside			√sī 1 a (to lie, sleep)		anu + √sī > say + *a	ī > ay	kita	*a			anuśaya	√śī						SNP 1	uragasuttaṃ<br/>uragavaggo 1	yassa-<b>anusayā</b> na santi keci,<br/>mūlā ca akusalā samūhatāse,<br/>so bhikkhu jahāti orapāraṃ,<br/>urago jiṇṇam'iva tacaṃ purāṇaṃ.				AN 6.103	ukkhittāsikasuttaṃ	nibbāne ca santadassāvī bhavissāmi, <b>anusayā</b> ca me samugghātaṃ gacchissanti, kiccakārī ca bhavissāmi, satthā ca me pariciṇṇo bhavissati mettāvatāyā'ti.				AN 10.60	girimānandasuttaṃ	idh'ānanda, bhikkhu ye loke upādānā cetaso adhiṭṭhān'ābhinivesa-<b>ānusayā</b>, te pajahanto viharati anupādiyanto. ayaṃ vuccat'ānanda, sabbaloke anabhiratasaññā.																	anusay	a masc	73	2	144	[sound:anusaya.mp3]	moved	"Spot a mistake? <a class=""link"" href=""https://docs.google.com/forms/d/e/1FAIpQLSc0KxEDyN5G2Mqr4t3AvDpXxSOIbIBi0GrZsAGhDB207sjLow/viewform?usp=pp_url&entry.438735500=anusaya&entry.644913945=Anki Deck Vocab Pāli Course"">Fix it here</a>."
43036	parinibbāna 1	p	1		nt	act	parinibbāti					(of mental defilement) complete quenching; total emancipation; complete cooling			√vā 1 a (to blow, emit odour)	√vā + a > vā > bā (irreg)	pari + nī + bā + ana	īv > ibb<br/>v > b	kita	ana			parinirvāṇa	√vā		(MNa) <b>parinibbānāyā</b>'ti kilesaparinibbān'atthāya.				AN 10.29	paṭhamakosalasuttaṃ	kāmānañ'c'āhaṃ, bhikkhave, pariññaṃ paññāpemi, rūpānañ'ca pariññaṃ paññāpemi, vedanānañ'ca pariññaṃ paññāpemi, diṭṭh'eva dhamme nicchāto nibbuto sītibhūto anupādā <b>parinibbānaṃ</b> paññāpemī'ti.				MN 35	cūḷa saccakasuttaṃ	buddho so bhagavā bodhāya dhammaṃ deseti, danto so bhagavā damathāya dhammaṃ deseti, santo so bhagavā samathāya dhammaṃ deseti, tiṇṇo so bhagavā taraṇāya dhammaṃ deseti, parinibbuto so bhagavā <b>parinibbānāya</b> dhammaṃ desetī'ti.				MN 8	sallekhasuttaṃ	evam'eva kho, cunda, vihiṃsakassa purisapuggalassa avihiṃsā hoti <b>parinibbānāya</b>, pāṇ'ātipātissa purisapuggalassa pāṇ'ātipātā veramaṇī hoti <b>parinibbānāya</b>.																	parinibbān	a nt	73	9	85	[sound:parinibbāna.mp3]		"Spot a mistake? <a class=""link"" href=""https://docs.google.com/forms/d/e/1FAIpQLSc0KxEDyN5G2Mqr4t3AvDpXxSOIbIBi0GrZsAGhDB207sjLow/viewform?usp=pp_url&entry.438735500=parinibbāna 1&entry.644913945=Anki Deck Vocab Pāli Course"">Fix it here</a>."
55968	sīla 1	ps	1		nt		√sīl					ethical conduct; virtue; moral integrity			√sīl 1 a (to conduct oneself)		√sīl + a		kita	a			śīla	√śīl						AN 10.48	dasadhammasuttaṃ	kacci nu kho me attā <b>sīlato</b> na upavadatī'ti pabbajitena abhiṇhaṃ paccavekkhitabbaṃ				AN 6.10	mahānāmasuttaṃ	puna caparaṃ, mahānāma, ariyasāvako attano <b>sīlāni</b> anussarati akhaṇḍāni acchiddāni asabalāni akammāsāni bhujissāni viññuppasatthāni aparāmaṭṭhāni samādhisaṃvattanikāni.				MJG		dānaṃ dadantu saddhāya, <b>sīlaṃ</b> rakkhantu sabbadā, bhāvan'ābhiratā hontu, gacchantu devatāgatā.	Devatā-uyyojana-gāthā		Protective Recitations	DN-a 1.2	brahmajālasuttaṃ	kikī'va aṇḍaṃ, camarī'va vāladhiṃ. piyaṃ'va puttaṃ, <br/>nayanaṃ'va ekakaṃ. tath'eva <b>sīlaṃ</b>, anurakkhamānā.										59n	sīl	a nt	73	9	723	[sound:sīla.mp3]		"Spot a mistake? <a class=""link"" href=""https://docs.google.com/forms/d/e/1FAIpQLSc0KxEDyN5G2Mqr4t3AvDpXxSOIbIBi0GrZsAGhDB207sjLow/viewform?usp=pp_url&entry.438735500=sīla 1&entry.644913945=Anki Deck Vocab Pāli Course"">Fix it here</a>."
56109	sīmā 2	ps	1		fem							(vinaya) boundary in which legal procedures are performed											sīmā			(VINa) <b>sīmaṃ sammannatī</b>'ti navaṃ sīmaṃ bandhati. kurundiyaṃ pana udak'ukkhepaparicchindane'pi dukkaṭaṃ vuttaṃ.				VIN PAT PK	saṅghuposatha pubbakaraṇādi vidhi	yattakā bhikkhū tassa uposathakammassa pattā yuttā anurūpā, sabb'antimena paricchedena cattāro bhikkhū pakatattā, saṅghena anukkhitā, te ca kho hatthapāsaṃ avijahitvā eka<b>sīmayaṃ</b> ṭhitā.				VIN 2.5.7.5	ūnavīsativassasikkhāpadaṃ	upasampādessāmī'ti gaṇaṃ vā ācariyaṃ vā pattaṃ vā cīvaraṃ vā pariyesati, <b>sīmaṃ</b> vā sammannati, āpatti dukkaṭassa. ñattiyā dukkaṭaṃ. dvīhi kammavācāhi dukkaṭā.				PAT PK	dhammayuttika-pubbakicca	chand'āharaṇapārisuddhiāharaṇāni, pana imissaṃ <b>sīmāyaṃ</b> hatthapāsaṃ vijahitvā nisinnānaṃ bhikkhūnaṃ abhāvato n'atthi.	Pubbakicca	Preliminary duty	International Pātimokkha													80n	sīm	ā fem	73		20	[sound:sīmā.mp3]		"Spot a mistake? <a class=""link"" href=""https://docs.google.com/forms/d/e/1FAIpQLSc0KxEDyN5G2Mqr4t3AvDpXxSOIbIBi0GrZsAGhDB207sjLow/viewform?usp=pp_url&entry.438735500=sīmā 2&entry.644913945=Anki Deck Vocab Pāli Course"">Fix it here</a>."
15065	bojjhaṅga	ps	1		masc	comp						element of awakening; factor of enlightenment					bodhi + aṅga				chaṭṭhī tappurisa	bodh<b>iyā</b> + aṅga	bodhyanga							DN 22.13	mahāsatipaṭṭhānasuttaṃ	kathañ'ca pana, bhikkhave, bhikkhu dhammesu dhamm'ānupassī viharati sattasu <b>bojjh'aṅgesu</b>				SN 46.53	aggisuttaṃ	samaṇo, āvuso, gotamo sāvakānaṃ evaṃ dhammaṃ deseti, etha tumhe, bhikkhave, pañca nīvaraṇe pahāya cetaso upakkilese paññāya dubbalīkaraṇe satta <b>bojjh'aṅge</b> yathābhūtaṃ bhāvethā'ti.				MN 118	ānāpānassatisuttaṃ	cattāro satipaṭṭhānā bhāvitā bahulīkatā satta<b>bojjh'aṅge</b> paripūrenti	Ānāpānassati	Mindfulness of Breathing	Teachings	AN 10.61	avijjāsuttaṃ	satta'p'āhaṃ <b>bojjh'aṅge</b> sāhāre vadāmi, no anāhāre. ko c'āhāro sattannaṃ bojjh'aṅgānaṃ? cattāro satipaṭṭhānā'ti'ssa vacanīyaṃ.										22n	bojjhaṅg	a masc	73	2	317	[sound:bojjhaṅga.mp3]	moved	"Spot a mistake? <a class=""link"" href=""https://docs.google.com/forms/d/e/1FAIpQLSc0KxEDyN5G2Mqr4t3AvDpXxSOIbIBi0GrZsAGhDB207sjLow/viewform?usp=pp_url&entry.438735500=bojjhaṅga&entry.644913945=Anki Deck Vocab Pāli Course"">Fix it here</a>."
43945	passaddhi	ps	1		fem	abstr	passambhati					calmness; tranquillity; tranquillization; peace; stillness; serenity			√sambh 1 a (to be calm, confident)		pa + √sambh > sabh + ti	bht > ddh	kita	ti			praśrabdhi	√śrambh		(SNa) <b>passaddhī</b>'ti darathapassaddhi.				UD 74	catutthanibbānapaṭisaṃyuttasuttaṃ	nissitassa calitaṃ, anissitassa calitaṃ n'atthi. calite asati <b>passaddhi</b>, <b>passaddhiyā</b> sati nati na hoti. natiyā asati āgatigati na hoti. āgatigatiyā asati cut'ūpapāto na hoti. cut'ūpapāte asati n'ev'idha na huraṃ na ubhayam'antarena. es'ev'anto dukkhassā'ti.				SN 12.23	upanisasuttaṃ	sukham'p'āhaṃ, bhikkhave, saupanisaṃ vadāmi, no anupanisaṃ. kā ca, bhikkhave, sukhassa upanisā? <b>passaddhī</b>'ti'ssa vacanīyaṃ				Thai		bojjh'aṅgo satisaṅkhāto dhammānaṃ vicayo tathā viriyam'pīti<b>passaddhi</b> bojjh'aṅgā ca tathā'pare samādh'upekkhabojjh'aṅgā.	Bojjh'aṅga-parittaṃ		Protective Recitations													57n	passaddh	i fem	73	8	51	[sound:passaddhi.mp3]		"Spot a mistake? <a class=""link"" href=""https://docs.google.com/forms/d/e/1FAIpQLSc0KxEDyN5G2Mqr4t3AvDpXxSOIbIBi0GrZsAGhDB207sjLow/viewform?usp=pp_url&entry.438735500=passaddhi&entry.644913945=Anki Deck Vocab Pāli Course"">Fix it here</a>."
18995	dhammavicaya	ps	1		masc	comp						investigation of reality; examining states; analysing the teaching					dhamma + vicaya				chaṭṭhī tappurisa	dhamm<b>assa</b> + vicaya								DN 22.13	mahāsatipaṭṭhānasuttaṃ	santaṃ vā ajjhattaṃ <b>dhammavicaya</b>sambojjh'aṅgaṃ, atthi me ajjhattaṃ <b>dhammavicaya</b>sambojjh'aṅgo'ti pajānāti				SN 46.53	aggisuttaṃ	yasmiñ'ca kho, bhikkhave, samaye līnaṃ cittaṃ hoti, kālo tasmiṃ samaye <b>dhammavicaya</b>sambojjh'aṅgassa bhāvanāya, kālo vīriyasambojjh'aṅgassa bhāvanāya, kālo pītisambojjh'aṅgassa bhāvanāya.				Thai		bojjh'aṅgo satisaṅkhāto <b>dhammānaṃ</b> <b>vicayo</b> tathā viriyam'pītipassaddhi bojjh'aṅgā ca tathā'pare samādh'upekkhabojjh'aṅgā.	Bojjh'aṅga-parittaṃ		Protective Recitations	MN 2.8	sabbāsavasuttaṃ	paṭisaṅkhā yoniso <b>dhammavicaya</b>sambojjh'aṅgaṃ bhāveti vivekanissitaṃ virāganissitaṃ nirodhanissitaṃ vossaggapariṇāmiṃ.										57n	dhammavicay	a masc	73			[sound:dhammavicaya.mp3]		"Spot a mistake? <a class=""link"" href=""https://docs.google.com/forms/d/e/1FAIpQLSc0KxEDyN5G2Mqr4t3AvDpXxSOIbIBi0GrZsAGhDB207sjLow/viewform?usp=pp_url&entry.438735500=dhammavicaya&entry.644913945=Anki Deck Vocab Pāli Course"">Fix it here</a>."
67712	vipāka 1	pp	1		masc		vipaccati					(of actions) result; outcome; consequence; fruit; lit. ripening			√pac 1 a (to cook, mature, ripen)		vi + √pac > pāk + *a	a > ā<br/>c > k	kita	*a			vipāka	√pṛc						TH 133	heraññakānittheragāthā	atha pāpāni kammāni,<br/>karaṃ bālo na bujjhati,<br/>pacch'āssa kaṭukaṃ hoti,<br/><b>vipāko</b> hissa pāpako'ti.				AN 3.101	loṇakapallasuttaṃ	yo ca kho, bhikkhave, evaṃ vadeyya, yathā yathā vedanīyaṃ ayaṃ puriso kammaṃ karoti tathā tathāssa <b>vipākaṃ</b> paṭisaṃvediyatī'ti, evaṃ santaṃ, bhikkhave, brahmacariyavāso hoti, okāso paññāyati sammā dukkhassa antakiriyāya.				MN 20	vitakkasaṇṭhānasuttaṃ	bhikkhunā tesaṃ vitakkānaṃ ādīnavo upaparikkhitabbo, iti'pi'me vitakkā akusalā, iti'pi'me vitakkā sāvajjā, iti'pi'me vitakkā dukkha<b>vipākā</b>'ti.																	vipāk	a masc	73	2	388	[sound:vipāka.mp3]		"Spot a mistake? <a class=""link"" href=""https://docs.google.com/forms/d/e/1FAIpQLSc0KxEDyN5G2Mqr4t3AvDpXxSOIbIBi0GrZsAGhDB207sjLow/viewform?usp=pp_url&entry.438735500=vipāka 1&entry.644913945=Anki Deck Vocab Pāli Course"">Fix it here</a>."
17234	citta 1.1	ss	1	e	nt		ceteti					mind; heart			√cit 8 *e (to think, intend)		√cit + ta		kita	ta			citta	√cit		(VIN 1.1.3) <b>iti cittamano</b>'ti yaṃ cittaṃ taṃ mano, yaṃ mano taṃ cittaṃ.				DHP 35	cittavaggo	dunniggahassa lahuno,<br/>yatthakāmanipātino,<br/><b>cittassa</b> damatho sādhu,<br/><b>cittaṃ</b> dantaṃ sukh'āvahaṃ.				SN 46.53	aggisuttaṃ	yasmiṃ, bhikkhave, samaye līnaṃ <b>cittaṃ</b> hoti, akālo tasmiṃ samaye passaddhisambojjh'aṅgassa bhāvanāya, akālo samādhisambojjh'aṅgassa bhāvanāya, akālo upekkhāsambojjh'aṅgassa bhāvanāya.				DN 22.18	mahāsatipaṭṭhānasuttaṃ	bhikkhu anuppannānaṃ pāpakānaṃ akusalānaṃ dhammānaṃ anuppādāya chandaṃ janeti vāyamati vīriyaṃ ārabhati <b>cittaṃ</b> paggaṇhāti padahati	Ariy'aṭṭhaṅgika-magga	The Noble Eightfold Path	Teachings	MN 107	gaṇakamoggallānasuttaṃ	ehi tvaṃ, bhikkhu, jāgariyaṃ anuyutto viharāhi, divasaṃ caṅkamena nisajjāya āvaraṇīyehi dhammehi <b>cittaṃ</b> parisodhehi	Anupubba-sikkhā	The Gradual Training	Teachings							21n	citt	a nt	73	9	4016	[sound:citta.mp3]	moved	"Spot a mistake? <a class=""link"" href=""https://docs.google.com/forms/d/e/1FAIpQLSc0KxEDyN5G2Mqr4t3AvDpXxSOIbIBi0GrZsAGhDB207sjLow/viewform?usp=pp_url&entry.438735500=citta 1.1&entry.644913945=Anki Deck Vocab Pāli Course"">Fix it here</a>."
15246	brahmavihāra	pns	1		masc	comp						sublime state; heavenly state; divine dwelling; collective name of the meditations on friendliness, compassion, happiness for and equanimity; lit. gods mansion					brahma + vihāra				chaṭṭhī tappurisa	brahm<b>uno</b> + vihāra	brahmavihāra				a collective term for the states of friendliness, compassion, appreciation and equanimity			MN 83	maghadevasuttaṃ	so cattāro <b>brahmavihāre</b> bhāvetvā kāyassa bhedā paraṃ maraṇā brahmalok'ūpago ahosi.				Trad		handa mayaṁ catura<b>brahmavihārā</b> obhāsanaṁ karomase	Brahmavihārā	The Divine Abidings	Reflections	SN 54.12	kaṅkheyyasuttaṃ	ānāpānassatisamādhiṃ sammā vadamāno vadeyya, ariyavihāro iti'pi, <b>brahmavihāro</b> iti'pi, tathāgatavihāro iti'pi.																32n	brahmavihār	a masc	73			[sound:brahmavihāra.mp3]	moved	"Spot a mistake? <a class=""link"" href=""https://docs.google.com/forms/d/e/1FAIpQLSc0KxEDyN5G2Mqr4t3AvDpXxSOIbIBi0GrZsAGhDB207sjLow/viewform?usp=pp_url&entry.438735500=brahmavihāra&entry.644913945=Anki Deck Vocab Pāli Course"">Fix it here</a>."
54945	satipaṭṭhāna 1	ps	1		masc	comp						attending mindfully; being present with mindfulness					sati + upaṭṭhāna				chaṭṭhī tappurisa	sat<b>iyā</b> + upaṭṭhāna	smṛtyupasthāna			(MNa) satiyā paṭṭhānaṃ <b>satipaṭṭhānaṃ</b>.	maybe sati + paṭṭhāna			SN 47.10	bhikkhunupassayasuttaṃ	sambahulā bhikkhuniyo catūsu <b>satipaṭṭhānesu</b> suppatiṭṭhitacittā viharantiyo				MN 44	cūḷavedallasuttaṃ	yā kho, āvuso visākha, cittassa ekaggatā ayaṃ samādhi, cattāro <b>satipaṭṭhānā</b> samādhinimittā, cattāro sammappadhānā samādhiparikkhārā.				MN 118	ānāpānassatisuttaṃ	ānāpānassati bhikkhave bhāvitā bahulīkatā cattāro <b>satipaṭṭhāne</b> paripūreti	Ānāpānassati	Mindfulness of Breathing	Teachings	MN 137	saḷāyatanavibhaṅgasuttaṃ	tayo <b>satipaṭṭhānā</b> yad'ariyo sevati yad'ariyo sevamāno satthā gaṇam'anusāsitum'arahati, so vuccati yoggācariyānaṃ anuttaro purisadammasārathī'ti										22n	satipaṭṭhān	a masc	73	2	321	[sound:satipaṭṭhāna.mp3]		"Spot a mistake? <a class=""link"" href=""https://docs.google.com/forms/d/e/1FAIpQLSc0KxEDyN5G2Mqr4t3AvDpXxSOIbIBi0GrZsAGhDB207sjLow/viewform?usp=pp_url&entry.438735500=satipaṭṭhāna 1&entry.644913945=Anki Deck Vocab Pāli Course"">Fix it here</a>."
68902	viveka 1	ss	1		masc		viviccati					seclusion; solitude; detachment; disengagement; independence			√vic 1 a (to separate)		vi + √vic > vec > vek + *a	i > e<br/>c > k	kita	*a			viveka	√vic		(ANa) <b>viveko</b>'ti kāyacittaupadhiviveko.				MN 30	cūḷasāropamasuttaṃ	kittāvatā nu kho, āvuso, satthu pavivittassa viharato sāvakā <b>vivekaṃ</b> n'ānusikkhanti				SNP 45	tissametteyyasuttaṃ<br/>aṭṭhakavaggo 7	methunam'anuyuttassa,<br/>vighātaṃ brūhi mārisa,<br/>sutvāna tava sāsanaṃ,<br/><b>viveke</b> sikkhissāmase.				TH 257	pārāpariyattheragāthā	araññe rukkhamūlesu, kandarāsu guhāsu ca.<br/><b>vivekam</b>'anubrūhantā, vihaṃsu tap'parāyanā	Pārāpariya-thera-gāthā	From the Elder Pārāpariya	Verses	DN 22.18	mahāsatipaṭṭhānasuttaṃ	bhikkhu vivicc'eva kāmehi vivicca akusalehi dhammehi, savitakkaṃ savicāraṃ <b>viveka</b>jaṃ pītisukhaṃ paṭhamaṃ jhānaṃ upasampajja viharati	Ariy'aṭṭhaṅgika-magga	The Noble Eightfold Path	Teachings							13n	vivek	a masc	73	2	354	[sound:viveka.mp3]		"Spot a mistake? <a class=""link"" href=""https://docs.google.com/forms/d/e/1FAIpQLSc0KxEDyN5G2Mqr4t3AvDpXxSOIbIBi0GrZsAGhDB207sjLow/viewform?usp=pp_url&entry.438735500=viveka 1&entry.644913945=Anki Deck Vocab Pāli Course"">Fix it here</a>."
66805	vijjā 1	ss	1		fem		√vid					knowledge; wisdom; understanding			√vid 3 ya (to know, understand)		√vid + yā	dy > jj	kita	yā			vidyā	√vid						SNP 22	uṭṭhānasuttaṃ<br/>cūḷavaggo 10	pamādo rajo pamādo,<br/>pamād'ānupatito rajo,<br/>appamādena <b>vijjāya</b>,<br/>abbahe sallam'attano'ti.	Pakiṇṇaka-gāthā	Miscellaneous Verses	Verses	VIN 1.0	verañjakaṇḍaṃ	ayaṃ kho me brāhmaṇa rattiyā pacchime yāme tatiyā <b>vijjā</b> adhigatā avijjā vihatā <b>vijjā</b> uppannā tamo vihato āloko uppanno				SN 11.3	dhajaggasuttaṃ	arahaṃ sammāsambuddho <b>vijjā</b>caraṇasampanno sugato lokavidū anuttaro purisadammasārathi satthā devamanussānaṃ buddho bhagavā	Buddh'ābhitthuti	Homage to the Buddha	Homage to the Triple Gem													02n	vijj	ā fem	73	7	338	[sound:vijjā.mp3]		"Spot a mistake? <a class=""link"" href=""https://docs.google.com/forms/d/e/1FAIpQLSc0KxEDyN5G2Mqr4t3AvDpXxSOIbIBi0GrZsAGhDB207sjLow/viewform?usp=pp_url&entry.438735500=vijjā 1&entry.644913945=Anki Deck Vocab Pāli Course"">Fix it here</a>."
16756	chanda 1	ss	1		masc		chādeti					interest (in); desire (for); wish (for); intention (to); impulse (for)			√chand 8 *e (to desire, please)		√chand + a		kita	a			chanda	√chad		(ANa) idañ'hi idha <b>chando</b>'ti dubbalarāgass'ādhivacanaṃ.<br/>(ANa) <b>chando</b>'ti kattu'kamyatāchando.				AN 3.83	gadrabhasuttaṃ	tassa na tādiso chando hoti adhisīlasikkhāsamādāne seyyathā'pi aññesaṃ bhikkhūnaṃ, na tādiso <b>chando</b> hoti adhicittasikkhāsamādāne seyyathā'pi aññesaṃ bhikkhūnaṃ				SNP 54	sāriputtasuttaṃ<br/>aṭṭhakavaggo 16	etesu dhammesu vineyya <b>chandaṃ</b>,<br/>bhikkhu satimā suvimuttacitto,<br/>kālena so sammā dhammaṃ parivīmaṃsamāno,<br/>ekodibhūto vihane tamaṃ so'ti.				DN 22.18	mahāsatipaṭṭhānasuttaṃ	anuppannānaṃ kusalānaṃ dhammānaṃ uppādāya <b>chandaṃ</b> janeti vāyamati vīriyaṃ ārabhati cittaṃ paggaṇhāti padahati	Ariy'aṭṭhaṅgika-magga	The Noble Eightfold Path	Teachings	SNP 13	ratanasuttaṃ<br/>cūḷavaggo 1	khīṇaṃ purāṇaṃ navaṃ n'atthi sambhavaṃ, virattacitt'āyatike bhavasmiṃ.  <br/>te khīṇabījā avirūḷhi<b>chandā</b>, nibbanti dhīrā yath'āyaṃ padīpo.	Ratana-sutta		Protective Recitations							52n	chand	a masc	73	2	595	[sound:chanda.mp3]	moved	"Spot a mistake? <a class=""link"" href=""https://docs.google.com/forms/d/e/1FAIpQLSc0KxEDyN5G2Mqr4t3AvDpXxSOIbIBi0GrZsAGhDB207sjLow/viewform?usp=pp_url&entry.438735500=chanda 1&entry.644913945=Anki Deck Vocab Pāli Course"">Fix it here</a>."
5371	ānāpānassati	ps	1		fem	comp						mindfulness while breathing in and out; mindfulness during inhalation and exhalation					ānāpāna + sati				kammadhāraya	ānāpāna + sati	prāṇāpāna + smṛti		ānāpānasati		ten perceptions 1. <i>aniccasaññā</i>, 2. <i>anattasaññā</i>, 3. <i>asubhasaññā</i>, 4. <i>ādīnavasaññā</i>, 5. <i>pahānasaññā</i>, 6. <i>virāgasaññā</i>, 7. <i>nirodhasaññā</i>, 8. <i>sabbaloke anabhiratasaññā</i>, 9. <i>sabbasaṅkhāresu anicchāsaññā</i>, 10. <b>ānāpānassati</b>.			SN 54.11	icchānaṅgalasuttaṃ	yañ'hi taṃ, bhikkhave, sammā vadamāno vadeyya, ariyavihāro iti'pi, brahmavihāro iti'pi, tathāgatavihāro iti'pi, <b>ānāpānassati</b>samādhiṃ sammā vadamāno vadeyya, ariyavihāro iti'pi, brahmavihāro iti'pi, tathāgatavihāro iti'pī'ti.				MN 62	mahārāhulovādasuttaṃ	disvāna āyasmantaṃ rāhulaṃ āmantesi, <b>ānāpānassatiṃ</b>, rāhula, bhāvanaṃ bhāvehi. <b>ānāpānassati</b>, rāhula, bhāvanā bhāvitā bahulīkatā mahapphalā hoti mah'ānisaṃsā'ti.	Ānāpānassati	Mindfulness of Breathing	Teachings	AN 10.60	girimānandasuttaṃ	aniccasaññā, anattasaññā, asubhasaññā, ādīnavasaññā, pahānasaññā, virāgasaññā, nirodhasaññā, sabbaloke anabhiratasaññā, sabbasaṅkhāresu anicchāsaññā, <b>ānāpānassati</b>.																22n	ānāpānassat	i fem	73			[sound:ānāpānassati.mp3]	moved	"Spot a mistake? <a class=""link"" href=""https://docs.google.com/forms/d/e/1FAIpQLSc0KxEDyN5G2Mqr4t3AvDpXxSOIbIBi0GrZsAGhDB207sjLow/viewform?usp=pp_url&entry.438735500=ānāpānassati&entry.644913945=Anki Deck Vocab Pāli Course"">Fix it here</a>."
58008	sutta 2.1	ps	1		nt		√siv					scripture; discourse; sacred text; lit. thread			√siv 3 ya (to sew)		√siv > suv + ta	i > u<br/>v > t	kita	ta			sūtra	√siv √sīv		(MNa) ubhatovibhaṅganiddesakhandhakaparivārā, suttanipāte maṅgalasuttaratanasuttanālakasuttatuvaṭṭakasuttāni, aññam'pi ca suttanāmakaṃ tathāgatavacanaṃ <b>suttan</b>'ti veditabbaṃ.	"other possible derivations that have been suggested are <br/>√su 4 ṇā (hear) + ta<br/>su + √vac > vak > uk + ta ""well said"""			MN 75	māgaṇḍiyasuttaṃ	sammukhā ce'pi mayaṃ, bho bhāradvāja, taṃ bhavantaṃ gotamaṃ passeyyāma, sammukhā'pi naṃ vadeyyāma, bhūnahu samaṇo gotamo'ti. taṃ kissa hetu? evañ'hi no <b>sutte</b> ocaratī'ti.				MN 22	alagaddūpamasuttaṃ	idha, bhikkhave, ekacce moghapurisā dhammaṃ pariyāpuṇanti, <b>suttaṃ</b>, geyyaṃ, veyyākaraṇaṃ, gāthaṃ, udānaṃ, itivuttakaṃ, jātakaṃ, abbhutadhammaṃ, vedallaṃ.				AN 4.180	mahāpadesasuttaṃ	anabhinanditvā appaṭikkositvā tāni padabyañjanāni sādhukaṃ uggahetvā <b>sutte</b> otāretabbāni, vinaye sandassetabbāni.	Cattāro mahāpadesā	The Four Great References	Teachings													25n	sutt	a nt	73	9	252	[sound:sutta.mp3]		"Spot a mistake? <a class=""link"" href=""https://docs.google.com/forms/d/e/1FAIpQLSc0KxEDyN5G2Mqr4t3AvDpXxSOIbIBi0GrZsAGhDB207sjLow/viewform?usp=pp_url&entry.438735500=sutta 2.1&entry.644913945=Anki Deck Vocab Pāli Course"">Fix it here</a>."
68569	vitakka 1	ps	1		masc		vitakketi					thought; reflection; pondering			√takk 8 *e (to think)		vi + √takk + a		kita	a			vitarka	√tark						AN 4.11	carasuttaṃ	caraṃ vā yadi vā tiṭṭhaṃ,<br/>nisinno uda vā sayaṃ,<br/>yo <b>vitakkaṃ</b> vitakketi,<br/>pāpakaṃ gehanissitaṃ.				MN 43	mahāvedallasuttaṃ	paṭhamaṃ pan'āvuso, jhānaṃ katiaṅgikan'ti? paṭhamaṃ kho, āvuso, jhānaṃ pañc'aṅgikaṃ. idh'āvuso, paṭhamaṃ jhānaṃ samāpannassa bhikkhuno <b>vitakko</b> ca vattati, vicāro ca pīti ca sukhañ'ca citt'ekaggatā ca.				DN 22.18	mahāsatipaṭṭhānasuttaṃ	<b>vitakka</b>vicārānaṃ vūpasamā ajjhattaṃ sampasādanaṃ cetaso ekodibhāvaṃ avitakkaṃ avicāraṃ samādhijaṃ pītisukhaṃ dutiyaṃ jhānaṃ upasampajja viharati.	Ariy'aṭṭhaṅgika-magga	The Noble Eightfold Path	Teachings	MN 20	vitakkasaṇṭhānasuttaṃ	tesaṃ <b>vitakkānaṃ</b> <b>vitakka</b>saṅkhārasaṇṭhānaṃ manasikaroto ye pāpakā akusalā <b>vitakkā</b> chand'ūpasaṃhitā'pi dos'ūpasaṃhitā'pi moh'ūpasaṃhitā'pi te pahīyanti										21n	vitakk	a masc	73	2	171	[sound:vitakka.mp3]		"Spot a mistake? <a class=""link"" href=""https://docs.google.com/forms/d/e/1FAIpQLSc0KxEDyN5G2Mqr4t3AvDpXxSOIbIBi0GrZsAGhDB207sjLow/viewform?usp=pp_url&entry.438735500=vitakka 1&entry.644913945=Anki Deck Vocab Pāli Course"">Fix it here</a>."
53825	saññā 1	ps	1		fem		sañjānāti					perception; conception; recognition; third of the five aggregates			√ñā 5 nā (to know)		saṃ + √ñā + ā	ṃ > ñ	kita	ā			saṃjñā	√jñā						SNP 40	guhaṭṭhakasuttaṃ<br/>aṭṭhakavaggo 2	<b>saññaṃ</b> pariññā vitareyya oghaṃ,<br/>pariggahesu muni n'opalitto,<br/>abbūḷhasallo caram'appamatto,<br/>n'āsīsatī lokam'imaṃ parañ'cā'ti.				SN 22.57	sattaṭṭhānasuttaṃ	katamā ca, bhikkhave, <b>saññā</b>? cha'y'ime, bhikkhave, <b>saññā</b>kāyā, rūpa<b>saññā</b>, sadda<b>saññā</b>, gandha<b>saññā</b>, rasa<b>saññā</b>, phoṭṭhabba<b>saññā</b>, dhamma<b>saññā</b>. ayaṃ vuccati, bhikkhave, <b>saññā</b>.				SN 22.59	anattalakkhaṇasuttaṃ	<b>saññā</b> anattā. <b>saññā</b> ca h'idaṃ, bhikkhave, attā abhavissa, na'y'idaṃ <b>saññā</b> ābādhāya saṃvatteyya, labbhetha ca <b>saññāya</b>, evaṃ me saññā hotu, evaṃ me <b>saññā</b> mā ahosī'ti.	Anatta-lakkhaṇa-sutta	The Discourse on the Characteristic of Not-Self	Cardinal Suttas	SN 22.79	khajjanīyasuttaṃ	nīlam'pi sañjānāti, pītakam'pi sañjānāti, lohitakam'pi sañjānāti, odātam'pi sañjānāti. sañjānātī'ti kho, bhikkhave, tasmā <b>saññā</b>'ti vuccati.										38n	saññ	ā fem	73	7	765	[sound:saññā.mp3]		"Spot a mistake? <a class=""link"" href=""https://docs.google.com/forms/d/e/1FAIpQLSc0KxEDyN5G2Mqr4t3AvDpXxSOIbIBi0GrZsAGhDB207sjLow/viewform?usp=pp_url&entry.438735500=saññā 1&entry.644913945=Anki Deck Vocab Pāli Course"">Fix it here</a>."
37961	nissaya 1	ns	1		masc	abstr	nissayati					dependency; physical support; reliance; something one depends on			√si 1 a (to depend on, associate with)		ni + √si > say + *a	i > ay	kita	*a			niśraya	√śri √śṛ						SNP 43	paramaṭṭhakasuttaṃ<br/>aṭṭhakavaggo 5	attaṃ pahāya anupādiyāno,<br/>ñāṇe'pi so <b>nissayaṃ</b> no karoti,<br/>sa ve viyuttesu na vaggasārī,<br/>diṭṭhim'pi so na pacceti kiñci.				SNP 49	kalahavivādasuttaṃ<br/>aṭṭhakavaggo 11	ete ca ñatvā upanissitā'ti,<br/>ñatvā munī <b>nissaye</b> so vimaṃsī,<br/>ñatvā vimutto na vivādam'eti,<br/>bhav'ābhavāya na sameti dhīro'ti.				DSa	Nidānakathā	<b>nissaya</b>paccayo, upanissayapaccayo, purejātapaccayo, pacchājātapaccayo, āsevanapaccayo, kammapaccayo, vipākapaccayo, āhārapaccayo	Paṭṭhāna-mātikā-pāṭho		Funeral Chants													65n	nissay	a masc	73	2	139	[sound:nissaya.mp3]		"Spot a mistake? <a class=""link"" href=""https://docs.google.com/forms/d/e/1FAIpQLSc0KxEDyN5G2Mqr4t3AvDpXxSOIbIBi0GrZsAGhDB207sjLow/viewform?usp=pp_url&entry.438735500=nissaya 1&entry.644913945=Anki Deck Vocab Pāli Course"">Fix it here</a>."
34353	muditā	ps	1		fem	abstr	mudita					happiness (for); appreciation			√mud 1 a (to be soft, happy)		√mud + ita + ā<br/>mudita + ā		taddhita	ā				√mud						MN 40	cūḷāssapurasuttaṃ	evam'eva kho, bhikkhave, khattiyakulā ce'pi agārasmā anagāriyaṃ pabbajito hoti, so ca tathāgatappaveditaṃ dhammavinayaṃ āgamma, evaṃ mettaṃ karuṇaṃ <b>muditaṃ</b> upekkhaṃ bhāvetvā labhati ajjhattaṃ vūpasamaṃ.				MN 62	mahārāhulovādasuttaṃ	<b>muditaṃ</b>, rāhula, bhāvanaṃ bhāvehi. <b>muditañ</b>'hi te, rāhula, bhāvanaṃ bhāvayato yā arati sā pahīyissati.				DN 13.8	tevijjasuttaṃ	<b>muditā</b>sahagatena cetasā ekaṃ disaṃ pharitvā viharati<br/>tathā dutiyaṃ tathā tatiyaṃ tathā catutthaṃ	Brahmavihārā	The Divine Abidings	Reflections													32n	mudit	ā fem	73		24	[sound:muditā.mp3]		"Spot a mistake? <a class=""link"" href=""https://docs.google.com/forms/d/e/1FAIpQLSc0KxEDyN5G2Mqr4t3AvDpXxSOIbIBi0GrZsAGhDB207sjLow/viewform?usp=pp_url&entry.438735500=muditā&entry.644913945=Anki Deck Vocab Pāli Course"">Fix it here</a>."
10714	asubha 1	ps	1		adj		sobhati	neg				ugly; disgusting; foul; unattractive; lit. not beautiful			√subh 1 *a (to shine, adorn)		na > a + √subh + a		kita	a	kammadhāraya	na + subha		√śubh						AN 4.49	vipallāsasuttaṃ	anattani, bhikkhave, attā'ti saññāvipallāso cittavipallāso diṭṭhivipallāso. <b>asubhe</b>, bhikkhave, subhan'ti saññāvipallāso cittavipallāso diṭṭhivipallāso.				AN 7.27	saññāsuttaṃ	yāvakīvañ'ca, bhikkhave, bhikkhū <b>asubha</b>saññaṃ bhāvessanti	Aparihāniya-dhammā	Principles of Non-Decline	Teachings	AN 1.11-20	nīvaraṇappahāna vaggo	<b>asubha</b>nimittaṃ yoniso manasi karoto anuppanno c'eva kāmacchando n'uppajjati uppanno ca kāmacchando pahīyati																27n	asubh	a adj	73			[sound:asubha.mp3]	moved	"Spot a mistake? <a class=""link"" href=""https://docs.google.com/forms/d/e/1FAIpQLSc0KxEDyN5G2Mqr4t3AvDpXxSOIbIBi0GrZsAGhDB207sjLow/viewform?usp=pp_url&entry.438735500=asubha 1&entry.644913945=Anki Deck Vocab Pāli Course"">Fix it here</a>."
24386	hiri	nn	1		fem		√hir					sense of shame; modesty; conscience; sense of right and wrong; scruples			√hir 3 ya (to be ashamed)		√hir + i		kita	i			hrī	√hrī		(DHPa) api c'ettha ajjhattasamuṭṭhānā <b>hirī</b>, bahiddhāsamuṭṭhānaṃ <b>ottappaṃ</b>.				AN 7.65	hirīottappasuttaṃ	<b>hiri</b>-ottappe, bhikkhave, sati <b>hiri</b>-ottappasampannassa upanisasampanno hoti indriyasaṃvaro				SNP 37	nālakasuttaṃ<br/>mahāvaggo 11	sutvā dhīrānaṃ nigghosaṃ,<br/>jhāyīnaṃ kāmacāginaṃ,<br/>tato <b>hiriñ</b>'ca saddhañ'ca,<br/>bhiyyo kubbetha māmako.																							hir	i fem	73	8	88	[sound:hiri.mp3]	moved	"Spot a mistake? <a class=""link"" href=""https://docs.google.com/forms/d/e/1FAIpQLSc0KxEDyN5G2Mqr4t3AvDpXxSOIbIBi0GrZsAGhDB207sjLow/viewform?usp=pp_url&entry.438735500=hiri&entry.644913945=Anki Deck Vocab Pāli Course"">Fix it here</a>."
24432	hitesī	s	1		adj	comp						benevolent; who wishes one well; who wants the best for; lit. seeking benefit					hita + esī				dutiyā tappurisa	hit<b>aṃ</b> + esī	hitaiṣin			(SNa) <b>hitesinā</b>'ti hitaṃ esantena.				AN 5.73	paṭhamadhammavihārīsuttaṃ	yaṃ kho, bhikkhu, satthārā karaṇīyaṃ sāvakānaṃ <b>hit'esinā</b> anukampakena anukampaṃ upādāya, kataṃ vo taṃ mayā.	Pakiṇṇaka-gāthā	Miscellaneous Verses	Verses																									15n	hites	ī adj	73			[sound:hitesī.mp3]		"Spot a mistake? <a class=""link"" href=""https://docs.google.com/forms/d/e/1FAIpQLSc0KxEDyN5G2Mqr4t3AvDpXxSOIbIBi0GrZsAGhDB207sjLow/viewform?usp=pp_url&entry.438735500=hitesī&entry.644913945=Anki Deck Vocab Pāli Course"">Fix it here</a>."
68066	viriya	ps	1		nt	abstr						effort; energy; might; power; lit. virility			√vīr 8 *e (to be heroic, hostile)		√vīr + iya	ī > i	kita	iya			vīrya; vīria	√vīr	vīriya					Thai		bojjh'aṅgo satisaṅkhāto dhammānaṃ vicayo tathā <b>viriyam</b>'pītipassaddhi bojjh'aṅgā ca tathā'pare samādh'upekkhabojjh'aṅgā.	Bojjh'aṅga-parittaṃ		Protective Recitations	Sri Lanka	buddha-vassa-sajjhāyanā	catutthaṃ paññāpārami, pañcamaṃ <b>viriya</b>pārami, chaṭṭhamaṃ khantipārami, sattamaṃ saccapārami																						57n	viriy	a nt	73		10	[sound:viriya.mp3]		"Spot a mistake? <a class=""link"" href=""https://docs.google.com/forms/d/e/1FAIpQLSc0KxEDyN5G2Mqr4t3AvDpXxSOIbIBi0GrZsAGhDB207sjLow/viewform?usp=pp_url&entry.438735500=viriya&entry.644913945=Anki Deck Vocab Pāli Course"">Fix it here</a>."
56707	sotāpatti	pn	1		fem	comp						stream entry; first stage of the path					sota + āpatti				dutiyā tappurisa	sot<b>aṃ</b> + āpatti	srotaāpatti							DHP 178	lokavaggo	pathabyā ekarajjena,<br/>saggassa gamanena vā,<br/>sabbalok'ādhipaccena,<br/><b>sot'āpatti</b>phalaṃ varaṃ.				SN 25.1	cakkhusuttaṃ	abhabbo'va tāva kālaṃ kātuṃ yāva na <b>sot'āpatti</b>phalaṃ sacchikaroti.																							sotāpatt	i fem	73			[sound:sotāpatti.mp3]		"Spot a mistake? <a class=""link"" href=""https://docs.google.com/forms/d/e/1FAIpQLSc0KxEDyN5G2Mqr4t3AvDpXxSOIbIBi0GrZsAGhDB207sjLow/viewform?usp=pp_url&entry.438735500=sotāpatti&entry.644913945=Anki Deck Vocab Pāli Course"">Fix it here</a>."
55500	sekhiya 1	p	1		ptp		sikkhati					related to training; to be practised; lit. to be trained			√sikkh 1 a (to learn, train)		√sikkh > sekh + *iya	i > e	kicca	*iya			śaikṣa	√śikṣ						VIN PAT SE	sekhiyā	ime kho pan'āyasmanto <b>sekhiyā</b> dhammā uddesaṃ āgacchanti.				VIN PAT SE	sekhiyā	uddiṭṭhā kho āyasmanto <b>sekhiyā</b> dhammā. tatth'āyasmante pucchāmi, kacci'ttha parisuddhā, dutiyam'pi pucchāmi, kacci'ttha parisuddhā, tatiyam'pi pucchāmi, kacci'ttha parisuddhā																							sekhiy	a ptp	73			[sound:sekhiya.mp3]		"Spot a mistake? <a class=""link"" href=""https://docs.google.com/forms/d/e/1FAIpQLSc0KxEDyN5G2Mqr4t3AvDpXxSOIbIBi0GrZsAGhDB207sjLow/viewform?usp=pp_url&entry.438735500=sekhiya 1&entry.644913945=Anki Deck Vocab Pāli Course"">Fix it here</a>."
7744	sāsanarakkha	s	1		masc	comp						guardian of the Buddha's Teaching; protector of the Message of the Buddha					sāsana + ārakkha						śāsana + ārakṣa																														SBS							00n	sāsanarakkh	a masc	73			[sound:sāsanarakkha.mp3]		"Spot a mistake? <a class=""link"" href=""https://docs.google.com/forms/d/e/1FAIpQLSc0KxEDyN5G2Mqr4t3AvDpXxSOIbIBi0GrZsAGhDB207sjLow/viewform?usp=pp_url&entry.438735500=sāsanarakkha&entry.644913945=Anki Deck Vocab Pāli Course"">Fix it here</a>."
50155	sakadāgāmī	p	1		adj	comp						once-returner; who has attained the second stage of the path					saki > saka + [d] + āgāmī	+d			kammadhāraya	saki + [d] + āgāmī	sakṛt + āgamin							MN 118	ānāpānassatisuttaṃ	santi, bhikkhave, bhikkhū imasmiṃ bhikkhusaṅghe tiṇṇaṃ saṃyojanānaṃ parikkhayā rāgadosamohānaṃ tanuttā <b>sakadāgāmino</b> saki'd'eva imaṃ lokaṃ āgantvā dukkhass'antaṃ karissanti, evarūpā'pi, bhikkhave, santi bhikkhū imasmiṃ bhikkhusaṅghe.				UD 45	uposathasuttaṃ	evam'eva kho, bhikkhave, ayaṃ dhammavinayo mahataṃ bhūtānaṃ āvāso, tatr'ime bhūtā sot'āpanno, sot'āpattiphalasacchikiriyāya paṭipanno, <b>sakadāgāmi</b>, <b>sakadāgāmi</b>phalasacchikiriyāya paṭipanno, anāgāmī, anāgāmīphalasacchikiriyāya paṭipanno, arahā, arahattāya paṭipanno																							sakadāgām	ī adj	73	5	81	[sound:sakadāgāmī.mp3]		"Spot a mistake? <a class=""link"" href=""https://docs.google.com/forms/d/e/1FAIpQLSc0KxEDyN5G2Mqr4t3AvDpXxSOIbIBi0GrZsAGhDB207sjLow/viewform?usp=pp_url&entry.438735500=sakadāgāmī&entry.644913945=Anki Deck Vocab Pāli Course"">Fix it here</a>."
32616	majjhimapaṭipadā	s	1		fem	comp						the Middle Way; (comm) not approaching two sides, greed and hatred, freed from them					majjhima + paṭipadā						madhyama + pratipad			(MNa) atthi majjhimā paṭipadāti maggaṃ sandhāya idaṃ vuttaṃ. maggo hi lobho eko anto, doso eko antoti ete dve ante na upeti, na upagacchati, vimutto etehi antehi, tasmā “majjhimā paṭipadā”ti vuccati.				SN 56.11	dhammacakkappavattanasuttaṃ	ete kho, bhikkhave, ubho ante anupagamma <b>majjhimā</b> <b>paṭipadā</b> tathāgatena abhisambuddhā cakkhukaraṇī ñāṇakaraṇī upasamāya abhiññāya sambodhāya nibbānāya saṃvattati	Dhamma-cakkappavattana	Setting in Motion The Wheel of Dhamma	Teachings																									17n	majjhimapaṭipad	ā fem	73			[sound:majjhimapaṭipadā.mp3]		"Spot a mistake? <a class=""link"" href=""https://docs.google.com/forms/d/e/1FAIpQLSc0KxEDyN5G2Mqr4t3AvDpXxSOIbIBi0GrZsAGhDB207sjLow/viewform?usp=pp_url&entry.438735500=majjhimapaṭipadā&entry.644913945=Anki Deck Vocab Pāli Course"">Fix it here</a>."
46783	piṇḍacāra	p	1		masc	comp						going for alms round; alms wandering					piṇḍa + cāra				catutthī tappurisa	piṇḍ<b>assa</b> + cāra	piṇḍa + cāra							SNP 37	nālakasuttaṃ<br/>mahāvaggo 11	sa <b>piṇḍacāraṃ</b> caritvā,<br/>vanantam'abhihāraye,<br/>upaṭṭhito rukkhamūlasmiṃ,<br/>āsan'ūpagato muni.																													piṇḍacār	a masc	73			[sound:piṇḍacāra.mp3]		"Spot a mistake? <a class=""link"" href=""https://docs.google.com/forms/d/e/1FAIpQLSc0KxEDyN5G2Mqr4t3AvDpXxSOIbIBi0GrZsAGhDB207sjLow/viewform?usp=pp_url&entry.438735500=piṇḍacāra&entry.644913945=Anki Deck Vocab Pāli Course"">Fix it here</a>."
42156	pārājika 3	n	1		nt		parājeti					(vinaya) offence involving defeat; transgression requiring expulsion			√ji 1 a (to conquer)		parā > pārā + √ji + *ika	a > ā	kita	*ika			parājita, pārājika (bsk)	√ji		(VIN 6.8.5) <b>pārājikan</b>'ti yaṃ vuttaṃ,<br/>taṃ suṇohi yathātathaṃ,<br/>cuto paraddho bhaṭṭho ca,<br/>saddhammā hi niraṅkato,<br/>saṃvāso'pi tahiṃ n'atthi,<br/>ten'etaṃ iti vuccati.<br/>(VINa) <b>pārājiko</b>'ti parājito, parājayaṃ āpanno.				VIN 2.5.7.4	duṭṭhullasikkhāpadaṃ	duṭṭhullā nāma āpatti cattāri ca <b>pārājikāni</b> terasa ca saṅghādisesā.																													pārājik	a nt	73	9	511	[sound:pārājika.mp3]	moved	"Spot a mistake? <a class=""link"" href=""https://docs.google.com/forms/d/e/1FAIpQLSc0KxEDyN5G2Mqr4t3AvDpXxSOIbIBi0GrZsAGhDB207sjLow/viewform?usp=pp_url&entry.438735500=pārājika 3&entry.644913945=Anki Deck Vocab Pāli Course"">Fix it here</a>."
41310	pañcakkhandha	s	1		masc	comp						five aggregates; five masses					pañca + khandha				digu	pañca + khandhā	pañca + skandha							SN 22.22	bhārasuttaṃ	bhārā have <b>pañcakkhandhā</b>,<br/>bhārahāro ca puggalo,<br/>bhār'ādānaṃ dukhaṃ loke,<br/>bhāranikkhepanaṃ sukhaṃ.	Bhārā	The Burdens	Verses																									11n	pañcakkhandh	a masc	73			[sound:pañcakkhandha.mp3]		"Spot a mistake? <a class=""link"" href=""https://docs.google.com/forms/d/e/1FAIpQLSc0KxEDyN5G2Mqr4t3AvDpXxSOIbIBi0GrZsAGhDB207sjLow/viewform?usp=pp_url&entry.438735500=pañcakkhandha&entry.644913945=Anki Deck Vocab Pāli Course"">Fix it here</a>."
37896	nissaggiya 1	p	1		adj	ptp	nissajjati					involving relinquishment; to be given up; to be forfeited; lit. to be cast away			√sajj 1 a (to relinquish, let loose)		nī + √sajj > sagg + iya	īs > iss<br/>jj > gg	kicca	iya			niḥsargika (bsk), naiḥsargika (bsk)	√sṛj		(VIN 6.8.5) <b>nissaggiyan</b>'ti yaṃ vuttaṃ,<br/>taṃ suṇohi yathātathaṃ,<br/>saṅghamajjhe gaṇamajjhe,<br/>ekass'eva ca ekato,<br/>nissajjitvāna deseti,<br/>ten'etaṃ iti vuccati.				VIN PAT NP	nissaggiyapācittiyā	ime kho pan'āyasmanto tiṃsa <b>nissaggiyā</b> pācittiyā dhammā uddesaṃ āgacchanti.				VIN PAT NP 1	kathinasikkhāpadaṃ	niṭṭhitacīvarasmiṃ bhikkhunā ubbhatasmiṃ kathine das'āhaparamaṃ atirekacīvaraṃ dhāretabbaṃ, taṃ atikkāmayato <b>nissaggiyaṃ</b> pācittiyaṃ.																							nissaggiy	a adj	73			[sound:nissaggiya.mp3]		"Spot a mistake? <a class=""link"" href=""https://docs.google.com/forms/d/e/1FAIpQLSc0KxEDyN5G2Mqr4t3AvDpXxSOIbIBi0GrZsAGhDB207sjLow/viewform?usp=pp_url&entry.438735500=nissaggiya 1&entry.644913945=Anki Deck Vocab Pāli Course"">Fix it here</a>."
70994	dhūta 1	nn	1		nt	pp	dhunāti					ascetic practice; lit. shaken off			√dhū 5 nā (to shake, smoke)		√dhū + ta		kita	ta			dhuta	√dhū	dhuta					VIN 1.2.10	saṅghabhedasikkhāpadaṃ	bhagavā bhante anekapariyāyena appicchassa santuṭṭhassa sallekhassa <b>dhūtassa</b> pāsādikassa appaccayassa viriy'ārambhassa vaṇṇavādī				VIN 1.2.10	saṅghabhedasikkhāpadaṃ	ime kho samaṇā sakyaputtiyā <b>dhūtā</b> sallekhavuttino samaṇo pana gotamo bāhulliko bāhullāya cetetīti.																							dhūt	a nt	73		20	[sound:dhūta.mp3]	moved	"Spot a mistake? <a class=""link"" href=""https://docs.google.com/forms/d/e/1FAIpQLSc0KxEDyN5G2Mqr4t3AvDpXxSOIbIBi0GrZsAGhDB207sjLow/viewform?usp=pp_url&entry.438735500=dhūta 1&entry.644913945=Anki Deck Vocab Pāli Course"">Fix it here</a>."
19410	dhutaṅga	p	1		nt	comp						ascetic practice; lit. factor of shaking off					dhuta + aṅga				chaṭṭhī tappurisa	dhut<b>assa</b> + aṅga			dhūtaṅga					NIDD 1.3	duṭṭhaṭṭhakasuttaṃniddeso	aṭṭha <b>dhut'aṅgāni</b>, āraññik'aṅgaṃ, piṇḍapātik'aṅgaṃ, paṃsukūlik'aṅgaṃ, tecīvarik'aṅgaṃ, sapadānacārik'aṅgaṃ, khalupacchābhattik'aṅgaṃ, nesajjik'aṅgaṃ, yathāsanthatik'aṅgaṃ, idaṃ vuccati vataṃ, na sīlaṃ.																													dhutaṅg	a nt	73			[sound:dhutaṅga.mp3]		"Spot a mistake? <a class=""link"" href=""https://docs.google.com/forms/d/e/1FAIpQLSc0KxEDyN5G2Mqr4t3AvDpXxSOIbIBi0GrZsAGhDB207sjLow/viewform?usp=pp_url&entry.438735500=dhutaṅga&entry.644913945=Anki Deck Vocab Pāli Course"">Fix it here</a>."
70998	dukkaṭa 3	p	1		nt	pp	kaṭa					class of vinaya offence; wrong-doing; lit. badly done			√kar 7 o (to do, make)		dur + √kar + ta	rt > ṭ	kita	ta			duṣkṛta	√kṛ						VIN 4.6.178	sīhasenāpativatthu	na jānaṃ uddissakataṃ maṃsaṃ paribhuñjitabbaṃ. yo paribhuñjeyya āpatti <b>dukkaṭassa</b>. anujānāmi tikoṭiparisuddhaṃ macchamaṃsaṃ, adiṭṭhaṃ assutaṃ aparisaṅkitan'ti.																													dukkaṭ	a nt	73	9	1558	[sound:dukkaṭa.mp3]		"Spot a mistake? <a class=""link"" href=""https://docs.google.com/forms/d/e/1FAIpQLSc0KxEDyN5G2Mqr4t3AvDpXxSOIbIBi0GrZsAGhDB207sjLow/viewform?usp=pp_url&entry.438735500=dukkaṭa 3&entry.644913945=Anki Deck Vocab Pāli Course"">Fix it here</a>."
60026	thullaccaya	n	1		masc	comp						(vinaya) heavy offence; grave transgression; class of serious offences					thulla + accaya				kammadhāraya	thulla + accaya	sthūla + atyaya			(VINa) thūlattā accayassa etaṃ <b>thullaccayan</b>'ti vuccatī'ti attho.				VIN 1.2.6	kuṭikārasikkhāpadaṃ	ekaṃ piṇḍaṃ anāgate āpatti <b>thullaccayassa</b>. tasmiṃ piṇḍe āgate āpatti saṅghādisesassa.																													thullaccay	a masc	73	2	222	[sound:thullaccaya.mp3]	moved	"Spot a mistake? <a class=""link"" href=""https://docs.google.com/forms/d/e/1FAIpQLSc0KxEDyN5G2Mqr4t3AvDpXxSOIbIBi0GrZsAGhDB207sjLow/viewform?usp=pp_url&entry.438735500=thullaccaya&entry.644913945=Anki Deck Vocab Pāli Course"">Fix it here</a>."
60132	ṭīkā	p	1		fem							sub-commentary; commentary on a commentary											ṭīkā							SN 54.8	padīpopamasuttaṃ	sukhaṃ {so sukhaṃ (sī. syā. kaṃ. pī.) ma. ni. 3.364 aṭṭhakathā<b>ṭīkā</b> oloketabbā} ce vedanaṃ vedayati, visaṃyutto naṃ vedayati.				MN 12	mahāsīhanādasuttaṃ	daḷhadhammo (bahūsu) <b>ṭīkā</b> ca moggallānabyākaraṇaṃ ca oloketabbaṃ																							ṭīk	ā fem	73	7	59	[sound:ṭīkā.mp3]		"Spot a mistake? <a class=""link"" href=""https://docs.google.com/forms/d/e/1FAIpQLSc0KxEDyN5G2Mqr4t3AvDpXxSOIbIBi0GrZsAGhDB207sjLow/viewform?usp=pp_url&entry.438735500=ṭīkā&entry.644913945=Anki Deck Vocab Pāli Course"">Fix it here</a>."
25824	jhāna 2	s	1		nt		jhāyati					meditation; stage of meditation; lit. meditating			√jhā 3 ya (to think, meditate)		√jhā + ana		kita	ana			dhyāna	√dhyai						MN 39	mahāassapurasuttaṃ	so ime pañca nīvaraṇe pahāya cetaso upakkilese paññāya dubbalīkaraṇe, vivicc'eva kāmehi vivicca akusalehi dhammehi, savitakkaṃ savicāraṃ vivekajaṃ pītisukhaṃ paṭhamaṃ <b>jhānaṃ</b> upasampajja viharati.	Ariy'aṭṭhaṅgika-magga	The Noble Eightfold Path	Teachings																									21n	jhān	a nt	73	9	1224	[sound:jhāna.mp3]		"Spot a mistake? <a class=""link"" href=""https://docs.google.com/forms/d/e/1FAIpQLSc0KxEDyN5G2Mqr4t3AvDpXxSOIbIBi0GrZsAGhDB207sjLow/viewform?usp=pp_url&entry.438735500=jhāna 2&entry.644913945=Anki Deck Vocab Pāli Course"">Fix it here</a>."
16179	catumadhura	n	1		nt	comp						four sweets (ghee, honey, sugar and sesame oil)					catu + madhura													DNa 1.2.18	sāmaññaphalasuttavaṇṇanā	yo pana ekasmiṃ bhājane muttaharīṭakaṃ ṭhapetvā ekasmiṃ <b>catumadhuraṃ</b>, gaṇhāhi, bhante, yadicchasī'ti																													catumadhur	a nt	73			[sound:coming-soon.mp3]		"Spot a mistake? <a class=""link"" href=""https://docs.google.com/forms/d/e/1FAIpQLSc0KxEDyN5G2Mqr4t3AvDpXxSOIbIBi0GrZsAGhDB207sjLow/viewform?usp=pp_url&entry.438735500=catumadhura&entry.644913945=Anki Deck Vocab Pāli Course"">Fix it here</a>."
71031	khemaka 2	nn	1		adj		khema					at peace; who is safe			√khi 1 a (to live, abide peacefully)		√khi > khe + *ma + ka<br/>khema + ka	i > e	taddhita	ka			kṣemaka	√kṣi						SN 22.89	khemakasuttaṃ	tena kho pana samayena āyasmā <b>khemako</b> badarik'ārāme viharati ābādhiko dukkhito bāḷhagilāno.				API 36	abhirūpanandātherīapadānaṃ	dhītā <b>khemaka</b>sakkassa, nandā nāmāti vissutā.																							khemak	a adj	73			[sound:khemaka.mp3]	moved	"Spot a mistake? <a class=""link"" href=""https://docs.google.com/forms/d/e/1FAIpQLSc0KxEDyN5G2Mqr4t3AvDpXxSOIbIBi0GrZsAGhDB207sjLow/viewform?usp=pp_url&entry.438735500=khemaka 2&entry.644913945=Anki Deck Vocab Pāli Course"">Fix it here</a>."
26696	kalyāṇamitta 2	p	1		masc	comp						excellent friend; good spiritual companion					kalyāṇa + mitta				kammadhāraya	kalyāṇa + mitta	kalyāṇamitra							THI 63	kisāgotamītherīgāthā	kalyāṇamittatā muninā,<br/>lokaṃ ādissa vaṇṇitā,<br/><b>kalyāṇamitte</b> bhajamāno,<br/>api bālo paṇḍito assa.																													kalyāṇamitt	a masc	73	2	99	[sound:kalyāṇamitta.mp3]		"Spot a mistake? <a class=""link"" href=""https://docs.google.com/forms/d/e/1FAIpQLSc0KxEDyN5G2Mqr4t3AvDpXxSOIbIBi0GrZsAGhDB207sjLow/viewform?usp=pp_url&entry.438735500=kalyāṇamitta 2&entry.644913945=Anki Deck Vocab Pāli Course"">Fix it here</a>."
63053	upasampadā 2	nn	1		fem	abstr	upasampajjati					(vinaya) higher ordination as monastic			√pad 3 ya (to go, step)		upa + saṃ + √pad + ā	ṃ > m	kita	ā			upasaṃpadā	√pad						THI 46	bhaddākuṇḍalakesātherīgāthā	nihacca jāṇuṃ vanditvā,<br/>sammukhā añjaliṃ akaṃ,<br/>ehi bhadde'ti maṃ avaca,<br/>sā me āsu-<b>upasampadā</b>.				SNP 4	kasibhāradvājasuttaṃ<br/>uragavaggo 4	es'āhaṃ bhavantaṃ gotamaṃ saraṇaṃ gacchāmi dhammañ'ca bhikkhusaṅghañ'ca, labheyyāhaṃ bhoto gotamassa santike pabbajjaṃ, labheyyaṃ <b>upasampadan</b>'ti.																							upasampad	ā fem	73	7	400	[sound:upasampadā.mp3]	moved	"Spot a mistake? <a class=""link"" href=""https://docs.google.com/forms/d/e/1FAIpQLSc0KxEDyN5G2Mqr4t3AvDpXxSOIbIBi0GrZsAGhDB207sjLow/viewform?usp=pp_url&entry.438735500=upasampadā 2&entry.644913945=Anki Deck Vocab Pāli Course"">Fix it here</a>."
70949	āpattidesanā	n	1		fem	comp						confessing an offence; admitting a transgression					āpatti + desanā						āpatti + deśanā							VINa 1.2.10	paṭhamasaṅghabhedasikkhāpadavaṇṇanā	uddissa katañ'ca ajānitvā bhuttassa pacchā ñatvā <b>āpattidesanā</b>kiccaṃ nāma n'atthi																													āpattidesan	ā fem	73			[sound:āpattidesanā.mp3]		"Spot a mistake? <a class=""link"" href=""https://docs.google.com/forms/d/e/1FAIpQLSc0KxEDyN5G2Mqr4t3AvDpXxSOIbIBi0GrZsAGhDB207sjLow/viewform?usp=pp_url&entry.438735500=āpattidesanā&entry.644913945=Anki Deck Vocab Pāli Course"">Fix it here</a>."
7459	anupubbasikkhā	s	1	e	fem	comp						gradual training; step-by-step practice					anupubba + sikkhā				kammadhāraya	anupubba + sikkhā								MN 107	gaṇakamoggallānasuttaṃ	seyyathā'pi, bho gotama, imassa migāramātupāsādassa dissati <b>anupubbasikkhā</b> anupubbakiriyā anupubbapaṭipadā yadidaṃ, yāva pacchimasopānakaḷevarā.	Anupubba-sikkhā	The Gradual Training	Teachings	AN 8.19	pahārādasuttaṃ	evam'evaṃ kho pahārāda imasmiṃ dhammavinaye <b>anupubbasikkhā</b> anupubbakiriyā anupubbapaṭipadā na āyataken'eva aññāpaṭivedho																						18n	anupubbasikkh	ā fem	73			[sound:anupubbasikkhā.mp3]	moved	"Spot a mistake? <a class=""link"" href=""https://docs.google.com/forms/d/e/1FAIpQLSc0KxEDyN5G2Mqr4t3AvDpXxSOIbIBi0GrZsAGhDB207sjLow/viewform?usp=pp_url&entry.438735500=anupubbasikkhā&entry.644913945=Anki Deck Vocab Pāli Course"">Fix it here</a>."
5063	anāgāmī	n	1		adj		āgacchati	neg				who does not return; non-returning			√gam 1 a (to go)		na > an + ā + √gam > gām + *ī	a > ā	kita	*ī	kammadhāraya	na + āgāmī	anāgāmin	√gam						UD 70	utenasuttaṃ	sant'ettha, bhikkhave, upāsikāyo sot'āpannā, santi sakadāgāminiyo, santi <b>anāgāminiyo</b>. sabbā tā, bhikkhave, upāsikāyo anipphalā kālaṅ'katā'ti.				UD 45	uposathasuttaṃ	evam'eva kho, bhikkhave, ayaṃ dhammavinayo mahataṃ bhūtānaṃ āvāso, tatr'ime bhūtā sot'āpanno, sot'āpattiphalasacchikiriyāya paṭipanno, sakadāgāmi, sakadāgāmiphalasacchikiriyāya paṭipanno, <b>anāgāmī</b>, <b>anāgāmī</b>phalasacchikiriyāya paṭipanno, arahā, arahattāya paṭipanno																							anāgām	ī adj	73	5	75	[sound:anāgāmī.mp3]	moved	"Spot a mistake? <a class=""link"" href=""https://docs.google.com/forms/d/e/1FAIpQLSc0KxEDyN5G2Mqr4t3AvDpXxSOIbIBi0GrZsAGhDB207sjLow/viewform?usp=pp_url&entry.438735500=anāgāmī&entry.644913945=Anki Deck Vocab Pāli Course"">Fix it here</a>."
11552	aṭṭhakathā	p	1		fem	comp						commentary; exegesis; detailed explanation; lit. talk about meaning					aṭṭha + kathā				dutiyā tappurisa	aṭṭh<b>aṃ</b> + kathā	artha + kathā							VISM 1.9.2	karuṇābhāvanākathā	aṅguttara-<b>aṭṭhakathāyaṃ</b> pana paṭhamaṃ veripuggalo karuṇāyitabbo, tasmiṃ cittaṃ muduṃ katvā duggato, tato piyapuggalo, tato attā'ti, ayaṃ kamo vutto.				SN 54.8	padīpopamasuttaṃ	sukhaṃ {so sukhaṃ (sī. syā. kaṃ. pī.) ma. ni. 3.364 <b>aṭṭhakathā</b>ṭīkā oloketabbā} ce vedanaṃ vedayati, visaṃyutto naṃ vedayati.																							aṭṭhakath	ā fem	73			[sound:aṭṭhakathā.mp3]		"Spot a mistake? <a class=""link"" href=""https://docs.google.com/forms/d/e/1FAIpQLSc0KxEDyN5G2Mqr4t3AvDpXxSOIbIBi0GrZsAGhDB207sjLow/viewform?usp=pp_url&entry.438735500=aṭṭhakathā&entry.644913945=Anki Deck Vocab Pāli Course"">Fix it here</a>."
